﻿Site,Latitude,Longitude,Ecosystem,Temp,Flux
Ahvensalo,65.47,30.53,Wetland,-2.312853805,-1.714450063
Ahvensalo,65.47,30.53,Wetland,-2.287545069,-1.843174533
Ahvensalo,65.47,30.53,Wetland,-2.114457211,-2.708876674
Ahvensalo,65.47,30.53,Wetland,-2.083787497,-2.295676153
Ahvensalo,65.47,30.53,Wetland,-1.986360757,-2.039397888
Ahvensalo,65.47,30.53,Wetland,-1.902868162,-1.398878789
Ahvensalo,65.47,30.53,Wetland,-1.85697328,-1.045943605
Ahvensalo,65.47,30.53,Wetland,-1.593440437,-0.920537149
BASFSpain,37.74,-4.71,RicePaddy,1.245505766,0.816834169
BASFSpain,37.74,-4.71,RicePaddy,1.27159305,0.509594087
BASFSpain,37.74,-4.71,RicePaddy,1.101923699,0.471453871
BASFSpain,37.74,-4.71,RicePaddy,1.185764757,0.562237821
BASFSpain,37.74,-4.71,RicePaddy,1.010456675,0.619724912
BASFSpain,37.74,-4.71,RicePaddy,1.241589654,0.824070917
BASFSpain,37.74,-4.71,RicePaddy,0.965091973,0.839510877
BASFSpain,37.74,-4.71,RicePaddy,0.899305446,0.809159534
BASFSpain,37.74,-4.71,RicePaddy,1.15995545,1.246718363
BASFSpain,37.74,-4.71,RicePaddy,0.641340781,1.195961581
BASFSpain,37.74,-4.71,RicePaddy,1.072447951,1.087747996
BASFSpain,37.74,-4.71,RicePaddy,0.863268216,0.9872348
BASFSpain,37.74,-4.71,RicePaddy,1.02788684,1.278055076
BASFSpain,37.74,-4.71,RicePaddy,0.895717986,1.335882772
BASFSpain,37.74,-4.71,RicePaddy,1.112045723,1.423386899
BASFSpain,37.74,-4.71,RicePaddy,1.185764757,1.471203963
BASFSpain,37.74,-4.71,RicePaddy,1.287228637,1.707885502
BASFSpain,37.74,-4.71,RicePaddy,1.156808833,1.700329981
BASFSpain,37.74,-4.71,RicePaddy,1.072447951,1.89848383
BASFSpain,37.74,-4.71,RicePaddy,1.359120454,2.229907426
BASFSpain,37.74,-4.71,RicePaddy,1.181967562,2.226925687
BASFSpain,37.74,-4.71,RicePaddy,1.200292015,1.640090417
BASFSpain,37.74,-4.71,RicePaddy,0.939917558,1.293125329
BASFSpain,37.74,-4.71,RicePaddy,1.076529836,1.34087484
BASFSpain,37.74,-4.71,RicePaddy,1.050048251,0.912630747
BASFSpain,37.74,-4.71,RicePaddy,1.05835231,0.628531458
BASFSpain,37.74,-4.71,RicePaddy,0.956483311,-1.046214384
BuckHollowBog,42.27,-84.01,Wetland,-2.542882632,-2.86825919
BuckHollowBog,42.27,-84.01,Wetland,-2.416318793,-2.462799225
BuckHollowBog,42.27,-84.01,Wetland,-2.208447482,-2.462799225
BuckHollowBog,42.27,-84.01,Wetland,-1.639193277,-1.615498425
BuckHollowBog,42.27,-84.01,Wetland,-0.133253843,-0.616971451
BuckHollowBog,42.27,-84.01,Wetland,0.633329954,0.022108282
BuckHollowBog,42.27,-84.01,Wetland,1.439587853,1.690861807
BuckHollowBog,42.27,-84.01,Wetland,0.918958403,1.365843961
BuckHollowBog,42.27,-84.01,Wetland,1.165106939,0.389834381
BuckHollowBog,42.27,-84.01,Wetland,1.270041835,1.336429975
BuckHollowBog,42.27,-84.01,Wetland,0.602751272,0.152163815
BuckHollowBog,42.27,-84.01,Wetland,0.134225878,-0.035050384
BuckHollowBog,42.27,-84.01,Wetland,-0.458938476,-0.22920737
BuckHollowBog,42.27,-84.01,Wetland,-1.304875949,-1.258824363
BuckHollowBog,42.27,-84.01,Wetland,-1.62102907,-1.163513903
BuckHollowBog,42.27,-84.01,Wetland,-2.023312968,-1.769649473
BuckHollowBog,42.27,-84.01,Wetland,-2.225879279,-1.769649473
BuckHollowBog,42.27,-84.01,Wetland,-2.306251151,-2.86825919
BuckHollowBog,42.27,-84.01,Wetland,-2.263780936,-1.951971544
BuckHollowBog,42.27,-84.01,Wetland,-2.098955937,-1.951971544
BuckHollowBog,42.27,-84.01,Wetland,-1.254630985,-0.922352347
BuckHollowBog,42.27,-84.01,Wetland,0.260450897,0.309791426
BuckHollowBog,42.27,-84.01,Wetland,0.907633798,0.960378853
BuckHollowBog,42.27,-84.01,Wetland,0.767415372,0.687086668
BuckHollowBog,42.27,-84.01,Wetland,0.768699339,0.820616407
BuckHollowBog,42.27,-84.01,Wetland,0.376457933,0.37041775
BuckHollowBog,42.27,-84.01,Wetland,-0.024801305,0.152163815
BuckHollowBog,42.27,-84.01,Wetland,-0.814589381,-0.342533631
BuckHollowBog,42.27,-84.01,Wetland,-1.555773244,-1.481966757
BuckHollowBog,42.27,-84.01,Wetland,-1.996927679,-2.175115866
BuckHollowBog,42.27,-84.01,Wetland,-2.24058311,-1.951971544
BuckHollowBog,42.27,-84.01,Wetland,-2.278760701,-1.769649473
BuckHollowBog,42.27,-84.01,Wetland,-1.033670479,-1.481966757
BuckHollowBog,42.27,-84.01,Wetland,0.065895207,0.049509457
BuckHollowBog,42.27,-84.01,Wetland,0.825204489,0.481640837
BuckHollowBog,42.27,-84.01,Wetland,0.967157489,1.250774849
BuckHollowBog,42.27,-84.01,Wetland,0.180375994,0.408884088
BuckHollowBog,42.27,-84.01,Wetland,0.75794353,0.857431449
BuckHollowBog,42.27,-84.01,Wetland,-0.223744142,-0.064901147
BuckHollowBog,42.27,-84.01,Wetland,-0.789468664,-0.516887606
BuckHollowBog,42.27,-84.01,Wetland,-1.253440947,-0.996459386
BuckHollowBog,42.27,-84.01,Wetland,-2.091527303,-1.615498425
ChaiNat,15.04,99.97,RicePaddy,2.37829374,1.942821957
ChaiNat,15.04,99.97,RicePaddy,1.848055416,1.372738585
ChaiNat,15.04,99.97,RicePaddy,1.367942321,1.479222065
ChippeewaNationalForest,47.32,-93.28,Wetland,-1.22763913,-0.930746813
ChippeewaNationalForest,47.32,-93.28,Wetland,-0.907463028,-1.396103588
ChippeewaNationalForest,47.32,-93.28,Wetland,-0.333331214,-0.760960155
ChippeewaNationalForest,47.32,-93.28,Wetland,-0.435359749,-0.615663135
ChippeewaNationalForest,47.32,-93.28,Wetland,0.079386151,0.42916245
ChippeewaNationalForest,47.32,-93.28,Wetland,-0.224151789,-0.006723277
ChippeewaNationalForest,47.32,-93.28,Wetland,0.004823231,0.520233007
ChippeewaNationalForest,47.32,-93.28,Wetland,0.032058682,0.317986932
ChippeewaNationalForest,47.32,-93.28,Wetland,0.15796249,0.338998813
ChippeewaNationalForest,47.32,-93.28,Wetland,0.208309426,-0.202519606
ChippeewaNationalForest,47.32,-93.28,Wetland,0.233675849,-0.16749327
ChippeewaNationalForest,47.32,-93.28,Wetland,0.108608449,-0.053030842
ChippeewaNationalForest,47.32,-93.28,Wetland,0.083954946,-0.117355955
ChippeewaNationalForest,47.32,-93.28,Wetland,-0.603565921,0.327136901
ChippeewaNationalForest,47.32,-93.28,Wetland,-0.13951001,0.115900327
ChippeewaNationalForest,47.32,-93.28,Wetland,0.264265133,0.250033691
ChippeewaNationalForest,47.32,-93.28,Wetland,0.365623309,0.226390432
ChippeewaNationalForest,47.32,-93.28,Wetland,0.015605167,0.178402084
ChippeewaNationalForest,47.32,-93.28,Wetland,0.016341351,0.074877595
ChippeewaNationalForest,47.32,-93.28,Wetland,-0.186219665,0.140595783
ChippeewaNationalForest,47.32,-93.28,Wetland,0.11773168,0.214141039
ChippeewaNationalForest,47.32,-93.28,Wetland,-0.007814008,0.165546642
ChippeewaNationalForest,47.32,-93.28,Wetland,0.222282131,0.11364457
ChippeewaNationalForest,47.32,-93.28,Wetland,0.097765752,-0.011892431
ChippeewaNationalForest,47.32,-93.28,Wetland,-0.027905369,0.031550415
ChippeewaNationalForest,47.32,-93.28,Wetland,0.22804165,-0.227986768
ChippeewaNationalForest,47.32,-93.28,Wetland,0.253986983,-0.140304862
ChippeewaNationalForest,47.32,-93.28,Wetland,0.02860248,-0.366678524
ChippeewaNationalForest,47.32,-93.28,Wetland,-0.021321982,-0.285675458
ChippeewaNationalForest,47.32,-93.28,Wetland,-0.844201068,-0.368322719
ChippeewaNationalForest,47.32,-93.28,Wetland,-1.403936684,-0.327305497
ChippeewaNationalForest,47.32,-93.28,Wetland,-1.294466455,-0.607985248
ChippeewaNationalForest,47.32,-93.28,Wetland,-1.590845541,-0.999783153
CrowleyLouisiana,30.217542,-92.374077,RicePaddy,1.164019079,0.439935155
CrowleyLouisiana,30.217542,-92.374077,RicePaddy,0.721941124,0.439935155
CrowleyLouisiana,30.217542,-92.374077,RicePaddy,0.158321083,0.449787452
CrowleyLouisiana,30.217542,-92.374077,RicePaddy,0.134446813,0.449787452
CrowleyLouisiana,30.217542,-92.374077,RicePaddy,0.402319808,0.449787452
CrowleyLouisiana,30.217542,-92.374077,RicePaddy,0.645916939,0.449787452
CrowleyLouisiana,30.217542,-92.374077,RicePaddy,1.190739272,0.752068324
CrowleyLouisiana,30.217542,-92.374077,RicePaddy,1.736017754,0.449787452
CrowleyLouisiana,30.217542,-92.374077,RicePaddy,1.736017754,0.449787452
CrowleyLouisiana,30.217542,-92.374077,RicePaddy,1.445608809,1.646380149
CrowleyLouisiana,30.217542,-92.374077,RicePaddy,1.301680365,2.135641595
CrowleyLouisiana,30.217542,-92.374077,RicePaddy,1.700608529,1.674139418
CrowleyLouisiana,30.217542,-92.374077,RicePaddy,1.455166137,2.053325642
CrowleyLouisiana,30.217542,-92.374077,RicePaddy,1.265465683,2.390783586
CrowleyLouisiana,30.217542,-92.374077,RicePaddy,1.628314281,3.070469706
CrowleyLouisiana,30.217542,-92.374077,RicePaddy,1.656446787,3.950445627
CrowleyLouisiana,30.217542,-92.374077,RicePaddy,1.730163177,3.518296279
CrowleyLouisiana,30.217542,-92.374077,RicePaddy,1.775680029,3.389830819
CrowleyLouisiana,30.217542,-92.374077,RicePaddy,1.932883892,3.610951076
CrowleyLouisiana,30.217542,-92.374077,RicePaddy,2.033757522,3.402960111
CrowleyLouisiana,30.217542,-92.374077,RicePaddy,1.98307329,3.735221815
CrowleyLouisiana,30.217542,-92.374077,RicePaddy,1.597833693,3.258185627
CrowleyLouisiana,30.217542,-92.374077,RicePaddy,1.981440124,3.361978257
CrowleyLouisiana,30.217542,-92.374077,RicePaddy,1.802076086,2.809993814
CrowleyLouisiana,30.217542,-92.374077,RicePaddy,1.931372393,3.147655269
CrowleyLouisiana,30.217542,-92.374077,RicePaddy,1.902126549,3.412885119
CrowleyLouisiana,30.217542,-92.374077,RicePaddy,2.130360866,2.362954462
CrowleyLouisiana,30.217542,-92.374077,RicePaddy,2.001530914,2.516898381
CrowleyLouisiana,30.217542,-92.374077,RicePaddy,1.968244041,2.01615411
CrowleyLouisiana,30.217542,-92.374077,RicePaddy,1.772631992,1.443402267
CrowleyLouisiana,30.217542,-92.374077,RicePaddy,1.60821275,1.012200444
EARTH,10.13,-83.34,Wetland,1.317681896,1.873085909
EARTH,10.13,-83.34,Wetland,1.084033014,1.170960198
EARTH,10.13,-83.34,Wetland,1.240414667,-0.82805643
EARTH,10.13,-83.34,Wetland,1.182229461,2.477445734
EARTH,10.13,-83.34,Wetland,1.219252758,0.758290847
EARTH,10.13,-83.34,Wetland,1.115462364,1.610265503
GA,62.979721,15.535355,Aquatic,0.085920591,-0.118834622
GA,62.979721,15.535355,Aquatic,0.210111574,1.461584749
GA,62.979721,15.535355,Aquatic,0.278774516,-0.310940637
GA,62.979721,15.535355,Aquatic,0.3198591,-0.039283464
GA,62.979721,15.535355,Aquatic,0.42900527,0.401089738
GA,62.979721,15.535355,Aquatic,0.456198429,0.254426852
GA,62.979721,15.535355,Aquatic,0.739495155,0.539462579
GA,62.979721,15.535355,Aquatic,1.176597851,0.961857776
IlomantsiFen1991,60.4,30.5,Wetland,-1.155635415,-1.386670663
IlomantsiFen1991,60.4,30.5,Wetland,-0.669713324,-0.441085323
IlomantsiFen1991,60.4,30.5,Wetland,-0.068315833,-0.506646533
IlomantsiFen1991,60.4,30.5,Wetland,-0.068315833,-0.133641504
IlomantsiFen1991,60.4,30.5,Wetland,-0.314613579,0.464243404
IlomantsiFen1991,60.4,30.5,Wetland,-1.384207482,-1.145194509
IlomantsiFen1991,60.4,30.5,Wetland,-2.204597697,-1.926871233
IlomantsiFen1992,60.4,30.5,Wetland,-1.585260172,-0.017107013
IlomantsiFen1992,60.4,30.5,Wetland,-0.785566655,1.59752135
IlomantsiFen1992,60.4,30.5,Wetland,-0.151481918,-0.57654892
IlomantsiFen1992,60.4,30.5,Wetland,-0.398518688,-0.547180568
IlomantsiFen1992,60.4,30.5,Wetland,-0.513263655,-1.614981221
JankalaisenlampiPond,67.1,27.4,Aquatic,-1.362648246,2.021402807
JankalaisenlampiPond,67.1,27.4,Aquatic,0.168800199,-0.323146485
JankalaisenlampiPond,67.1,27.4,Aquatic,-0.44706752,-1.170444345
JankalaisenlampiPond,67.1,27.4,Aquatic,-0.066921016,0.56415671
JankalaisenlampiPond,67.1,27.4,Aquatic,-0.819987775,-0.564308542
JankalaisenlampiPond,67.1,27.4,Aquatic,-0.432859935,-1.239437217
JeanLafitte,29.48,90.67,Wetland,0.69000903,-0.913822248
JeanLafitte,29.48,90.67,Wetland,1.458264798,2.338872839
JeanLafitte,29.48,90.67,Wetland,1.72647133,1.144990383
JeanLafitte,29.48,90.67,Wetland,1.038311108,1.216325757
JeanLafitte,29.48,90.67,Wetland,-0.27920342,1.343210228
JeanLafitte,29.48,90.67,Wetland,-0.83794441,-1.728640278
JeanLafitte,29.48,90.67,Wetland,0.27137029,1.302235125
JeanLafitte,29.48,90.67,Wetland,1.487419535,-0.65881914
JeanLafitte,29.48,90.67,Wetland,1.758147204,1.351414731
JeanLafitte,29.48,90.67,Wetland,0.479419077,0.669710195
Jiangsu,32.037621,118.872585,RicePaddy,1.643025036,2.093622727
Jiangsu,32.037621,118.872585,RicePaddy,1.577700337,2.320150376
Jiangsu,32.037621,118.872585,RicePaddy,1.353669649,2.395330274
Jiangsu,32.037621,118.872585,RicePaddy,1.376889822,2.799866446
Jiangsu,32.037621,118.872585,RicePaddy,1.738180951,2.07588952
Jiangsu,32.037621,118.872585,RicePaddy,1.951893388,3.046765247
Jiangsu,32.037621,118.872585,RicePaddy,2.043778044,3.518250112
Jiangsu,32.037621,118.872585,RicePaddy,1.909694418,4.014746097
Jiangsu,32.037621,118.872585,RicePaddy,1.932254115,4.198399731
Jiangsu,32.037621,118.872585,RicePaddy,2.074058081,4.231211765
Jiangsu,32.037621,118.872585,RicePaddy,1.837298793,3.390849155
Jiangsu,32.037621,118.872585,RicePaddy,2.019218403,3.758375966
Jiangsu,32.037621,118.872585,RicePaddy,1.952270869,1.966616497
Jiangsu,32.037621,118.872585,RicePaddy,1.797890673,2.318647746
Jiangsu,32.037621,118.872585,RicePaddy,2.066930338,2.659763677
Jiangsu,32.037621,118.872585,RicePaddy,1.741488899,2.358446661
Jiangsu,32.037621,118.872585,RicePaddy,2.069431604,2.485817498
Jiangsu,32.037621,118.872585,RicePaddy,1.730545051,2.053924812
Jiangsu,32.037621,118.872585,RicePaddy,1.605778658,2.672863528
Jiangsu,32.037621,118.872585,RicePaddy,1.77593401,2.871293362
Jiangsu,32.037621,118.872585,RicePaddy,1.33730804,1.647806323
Jiangsu,32.037621,118.872585,RicePaddy,1.701245962,2.205740025
Jiangsu,32.037621,118.872585,RicePaddy,1.413673799,2.374217597
Jiangsu,32.037621,118.872585,RicePaddy,0.851818214,-0.289318997
KhlongLuang,15.5,99.99,RicePaddy,1.776314976,-0.150740007
KhlongLuang,15.5,99.99,RicePaddy,2.043277143,1.478823687
KhlongLuang,15.5,99.99,RicePaddy,2.183887206,3.01510591
KhlongLuang,15.5,99.99,RicePaddy,2.022227406,1.622534648
KhlongLuang,15.5,99.99,RicePaddy,1.643280775,3.098760946
Kompsasuo30m2001,65.44,25.57,Wetland,-0.254410919,-0.876644595
Kompsasuo30m2001,65.44,25.57,Wetland,-0.442804201,-0.313255527
Kompsasuo30m2001,65.44,25.57,Wetland,-0.59742257,0.769295267
Kompsasuo30m2001,65.44,25.57,Wetland,-0.911964077,-0.612750665
Kompsasuo30m2001,65.44,25.57,Wetland,-1.580904681,-1.284625762
Kompsasuo30m2001,65.44,25.57,Wetland,-1.170206331,-1.571759776
Kompsasuo30m2002,65.44,25.57,Wetland,-1.183019563,-1.205930296
Kompsasuo30m2002,65.44,25.57,Wetland,-0.544800337,-0.127107921
Kompsasuo30m2002,65.44,25.57,Wetland,0.123673368,0.47364957
Kompsasuo30m2002,65.44,25.57,Wetland,0.065562666,-0.086345692
Kompsasuo30m2002,65.44,25.57,Wetland,0.522800026,0.212121832
Kompsasuo30m2002,65.44,25.57,Wetland,0.39169011,0.349395636
Kompsasuo30m2002,65.44,25.57,Wetland,0.112617654,0.269706124
Kompsasuo60m2001,65.44,25.57,Wetland,-0.254410919,-1.242161753
Kompsasuo60m2001,65.44,25.57,Wetland,-0.442804201,0.510418565
Kompsasuo60m2001,65.44,25.57,Wetland,-0.59742257,0.862388788
Kompsasuo60m2001,65.44,25.57,Wetland,-0.911964077,-0.847545335
Kompsasuo60m2001,65.44,25.57,Wetland,-1.580904681,-1.017174406
Kompsasuo60m2001,65.44,25.57,Wetland,-1.170206331,-2.499719402
Kompsasuo60m2002,65.44,25.57,Wetland,-1.183019563,-1.667954501
Kompsasuo60m2002,65.44,25.57,Wetland,-0.544800337,-0.910360188
Kompsasuo60m2002,65.44,25.57,Wetland,0.123673368,0.164717263
Kompsasuo60m2002,65.44,25.57,Wetland,0.065562666,0.255857973
Kompsasuo60m2002,65.44,25.57,Wetland,0.522800026,0.374932507
Kompsasuo60m2002,65.44,25.57,Wetland,0.39169011,0.813633466
Kompsasuo60m2002,65.44,25.57,Wetland,0.112617654,0.688902899
Kompsasuo90m2001,65.44,25.57,Wetland,-0.254410919,-0.538290103
Kompsasuo90m2001,65.44,25.57,Wetland,-0.442804201,-0.160205762
Kompsasuo90m2001,65.44,25.57,Wetland,-0.59742257,-0.259145137
Kompsasuo90m2001,65.44,25.57,Wetland,-0.911964077,-0.743143945
Kompsasuo90m2001,65.44,25.57,Wetland,-1.580904681,-1.349570766
Kompsasuo90m2001,65.44,25.57,Wetland,-1.170206331,-1.001084064
Kompsasuo90m2002,65.44,25.57,Wetland,-1.183019563,-1.273314104
Kompsasuo90m2002,65.44,25.57,Wetland,-0.544800337,-0.769099627
Kompsasuo90m2002,65.44,25.57,Wetland,0.123673368,0.014888364
Kompsasuo90m2002,65.44,25.57,Wetland,0.065562666,0.101661314
Kompsasuo90m2002,65.44,25.57,Wetland,0.522800026,0.62578622
Kompsasuo90m2002,65.44,25.57,Wetland,0.39169011,0.859390468
Kompsasuo90m2002,65.44,25.57,Wetland,0.112617654,0.122440665
KotsamolampiPond,68.05,27.06,Aquatic,-0.291329005,-0.286692718
KotsamolampiPond,68.05,27.06,Aquatic,-0.052978162,0.157238671
KotsamolampiPond,68.05,27.06,Aquatic,-0.618337588,-0.979839899
Kytalyksite1,70.49,147.29,Wetland,-1.150780726,-0.165611996
Kytalyksite1,70.49,147.29,Wetland,-1.116242418,-0.189177788
Kytalyksite1,70.49,147.29,Wetland,-1.05700072,-0.186417615
Kytalyksite1,70.49,147.29,Wetland,-1.014288231,-0.15910506
Kytalyksite1,70.49,147.29,Wetland,-1.031538094,-0.207665321
Kytalyksite1,70.49,147.29,Wetland,-1.100242121,-0.207665321
Kytalyksite1,70.49,147.29,Wetland,-1.109194887,-0.251762991
Kytalyksite1,70.49,147.29,Wetland,-1.006691182,-0.233683917
Kytalyksite1,70.49,147.29,Wetland,-0.9723933,-0.244863948
Kytalyksite1,70.49,147.29,Wetland,-0.921126235,-0.271887526
Kytalyksite1,70.49,147.29,Wetland,-0.866794829,-0.2591087
Kytalyksite1,70.49,147.29,Wetland,-0.849682647,-0.264827048
Kytalyksite1,70.49,147.29,Wetland,-0.782387791,-0.243812485
Kytalyksite1,70.49,147.29,Wetland,-0.845914085,-0.239654651
Kytalyksite1,70.49,147.29,Wetland,-0.86287807,-0.216292447
Kytalyksite1,70.49,147.29,Wetland,-0.791781317,-0.197646213
Kytalyksite1,70.49,147.29,Wetland,-0.740963232,-0.208428373
Kytalyksite1,70.49,147.29,Wetland,-0.72021035,-0.22605257
Kytalyksite1,70.49,147.29,Wetland,-0.712001485,-0.184600065
Kytalyksite1,70.49,147.29,Wetland,-0.636978624,-0.243987652
Kytalyksite1,70.49,147.29,Wetland,-0.772709743,-0.112519435
Kytalyksite1,70.49,147.29,Wetland,-0.655062361,-0.136153225
Kytalyksite1,70.49,147.29,Wetland,-0.713297402,-0.061630706
Kytalyksite1,70.49,147.29,Wetland,-0.583968087,-0.19921858
Kytalyksite1,70.49,147.29,Wetland,-0.567090987,-0.188534739
Kytalyksite1,70.49,147.29,Wetland,-0.538517642,-0.237147134
Kytalyksite1,70.49,147.29,Wetland,-0.713729393,-0.208617946
Kytalyksite1,70.49,147.29,Wetland,-0.488895484,-0.245655931
Kytalyksite1,70.49,147.29,Wetland,-0.488895484,-0.240045862
Kytalyksite1,70.49,147.29,Wetland,-0.418378437,-0.240045862
Kytalyksite1,70.49,147.29,Wetland,-0.356734932,-0.281089523
Kytalyksite1,70.49,147.29,Wetland,-0.381511511,-0.205803666
Kytalyksite1,70.49,147.29,Wetland,-0.443656793,-0.167503512
Kytalyksite1,70.49,147.29,Wetland,-0.511124927,-0.097532829
Kytalyksite1,70.49,147.29,Wetland,-0.477647533,-0.097532829
Kytalyksite1,70.49,147.29,Wetland,-0.560801409,-0.053581193
Kytalyksite1,70.49,147.29,Wetland,-0.432433861,-0.131374931
Kytalyksite1,70.49,147.29,Wetland,-0.403481802,-0.145235252
Kytalyksite1,70.49,147.29,Wetland,-0.353622305,-0.136405849
Kytalyksite1,70.49,147.29,Wetland,-0.362253947,-0.11406129
Kytalyksite1,70.49,147.29,Wetland,-0.382503205,-0.066228578
Kytalyksite1,70.49,147.29,Wetland,-0.39922763,-0.034168846
Kytalyksite1,70.49,147.29,Wetland,-0.432433861,-0.021756527
Kytalyksite1,70.49,147.29,Wetland,-0.561373108,-0.013952969
Kytalyksite1,70.49,147.29,Wetland,-0.561373108,0.038854592
Kytalyksite1,70.49,147.29,Wetland,-0.619340902,0.047137722
Kytalyksite1,70.49,147.29,Wetland,-0.469678071,0.044034111
Kytalyksite1,70.49,147.29,Wetland,-0.337642254,0.038854592
Kytalyksite1,70.49,147.29,Wetland,-0.292175247,-0.001945899
Kytalyksite1,70.49,147.29,Wetland,-0.214468882,0.014249892
Kytalyksite1,70.49,147.29,Wetland,-0.320544843,-0.135876841
Kytalyksite1,70.49,147.29,Wetland,-0.180916817,-0.16372895
Kytalyksite1,70.49,147.29,Wetland,-0.28681631,-0.23273337
Kytalyksite1,70.49,147.29,Wetland,-0.204214843,-0.23273337
Kytalyksite1,70.49,147.29,Wetland,-0.147420474,-0.213564649
Kytalyksite1,70.49,147.29,Wetland,-0.081850581,-0.208131277
Kytalyksite1,70.49,147.29,Wetland,-0.093997744,-0.139289333
Kytalyksite1,70.49,147.29,Wetland,-0.167035011,-0.086696964
Kytalyksite1,70.49,147.29,Wetland,-0.073896069,-0.062104147
Kytalyksite1,70.49,147.29,Wetland,-0.017467597,-0.02114461
Kytalyksite1,70.49,147.29,Wetland,0.134446813,-0.139289333
Kytalyksite1,70.49,147.29,Wetland,0.1829934,-0.144360328
Kytalyksite1,70.49,147.29,Wetland,0.199241193,-0.162392376
Kytalyksite1,70.49,147.29,Wetland,0.323278995,-0.171455288
Kytalyksite1,70.49,147.29,Wetland,-0.013850435,0.135802277
Kytalyksite1,70.49,147.29,Wetland,0.247630818,0.186879136
Kytalyksite1,70.49,147.29,Wetland,0.491765194,0.058519616
Kytalyksite1,70.49,147.29,Wetland,-1.126965154,-0.034396974
Kytalyksite2,70.49,147.29,Wetland,-1.481875408,-1.366611738
Kytalyksite2,70.49,147.29,Wetland,-1.438576527,-0.272850588
Kytalyksite2,70.49,147.29,Wetland,-1.238635502,-0.873688765
Kytalyksite2,70.49,147.29,Wetland,-1.217374626,-0.74321982
Kytalyksite2,70.49,147.29,Wetland,-1.273674976,-0.620590374
Kytalyksite2,70.49,147.29,Wetland,-1.20498253,-0.608852961
Kytalyksite2,70.49,147.29,Wetland,-1.152840152,-0.53917831
Kytalyksite2,70.49,147.29,Wetland,-1.13548856,-0.474043613
Kytalyksite2,70.49,147.29,Wetland,-1.07516572,-0.458637673
Kytalyksite2,70.49,147.29,Wetland,-1.040607375,-0.479546434
Kytalyksite2,70.49,147.29,Wetland,-1.134900626,-0.740324782
Kytalyksite2,70.49,147.29,Wetland,-1.078976541,-0.960107838
Kytalyksite2,70.49,147.29,Wetland,-0.963354023,-1.021353171
Kytalyksite2,70.49,147.29,Wetland,-0.971664178,-2.953934129
Kytalyksite2,70.49,147.29,Wetland,-0.949948222,-0.76714156
Kytalyksite2,70.49,147.29,Wetland,-0.941646839,-0.699574671
Kytalyksite2,70.49,147.29,Wetland,-0.962625222,-0.554372388
Kytalyksite2,70.49,147.29,Wetland,-0.864183573,-0.577406162
Kytalyksite2,70.49,147.29,Wetland,-0.881307862,-0.67529318
Kytalyksite2,70.49,147.29,Wetland,-0.881307862,-0.78291497
Kytalyksite2,70.49,147.29,Wetland,-0.821724827,-0.714208403
Kytalyksite2,70.49,147.29,Wetland,-0.787589826,-0.761885341
Kytalyksite2,70.49,147.29,Wetland,-0.749616486,-0.928680604
Kytalyksite2,70.49,147.29,Wetland,-0.564374794,-1.161142709
Kytalyksite2,70.49,147.29,Wetland,-0.724388056,-0.489771698
Kytalyksite2,70.49,147.29,Wetland,-0.631384524,-0.489771698
Kytalyksite2,70.49,147.29,Wetland,-0.673449566,-0.408491627
Kytalyksite2,70.49,147.29,Wetland,-0.869696614,-0.412874477
Kytalyksite2,70.49,147.29,Wetland,-0.903968708,-0.35525002
Kytalyksite2,70.49,147.29,Wetland,-0.840552326,-0.35525002
Kytalyksite2,70.49,147.29,Wetland,-0.904695431,-0.305391312
Kytalyksite2,70.49,147.29,Wetland,-0.836061121,-0.305391312
Kytalyksite2,70.49,147.29,Wetland,-0.848812918,-0.258447631
Kytalyksite2,70.49,147.29,Wetland,-0.883050116,-0.241635955
Kytalyksite2,70.49,147.29,Wetland,-0.870277021,-0.208868072
Kytalyksite2,70.49,147.29,Wetland,-0.828529696,-0.208868072
Kytalyksite2,70.49,147.29,Wetland,-0.777331523,-0.225117802
Kytalyksite2,70.49,147.29,Wetland,-0.760293877,-0.310614139
Kytalyksite2,70.49,147.29,Wetland,-0.628803149,-0.323886255
Kytalyksite2,70.49,147.29,Wetland,-0.658221483,-0.254017944
Kytalyksite2,70.49,147.29,Wetland,-0.675174216,-0.262218666
Kytalyksite2,70.49,147.29,Wetland,-0.966561053,-0.262218666
Kytalyksite2,70.49,147.29,Wetland,-1.013703743,-0.204652201
Kytalyksite2,70.49,147.29,Wetland,-1.048363314,-0.127428681
Kytalyksite2,70.49,147.29,Wetland,-1.139457553,-0.340911406
Kytalyksite2,70.49,147.29,Wetland,-1.229626492,-0.387629411
Kytalyksite2,70.49,147.29,Wetland,-1.271751442,-0.024288712
Kytalyksite2,70.49,147.29,Wetland,-0.891327843,-0.122853431
Kytalyksite2,70.49,147.29,Wetland,-0.827371261,-0.137753842
Kytalyksite2,70.49,147.29,Wetland,-0.810147265,-0.093688936
Kytalyksite2,70.49,147.29,Wetland,-0.763469312,-0.065350961
Kytalyksite2,70.49,147.29,Wetland,-0.746443201,-0.108157946
Kytalyksite2,70.49,147.29,Wetland,-0.699766316,-0.152879637
Kytalyksite2,70.49,147.29,Wetland,-0.699766316,-0.122853431
Kytalyksite2,70.49,147.29,Wetland,-0.665834105,-0.111929704
Kytalyksite2,70.49,147.29,Wetland,-0.628086158,-0.068951074
Kytalyksite2,70.49,147.29,Wetland,-0.632531906,-0.093688936
Kytalyksite2,70.49,147.29,Wetland,-0.561087257,-0.093688936
Kytalyksite2,70.49,147.29,Wetland,-0.628086158,-0.190380622
Kytalyksite2,70.49,147.29,Wetland,-0.564946594,-0.205780801
Kytalyksite2,70.49,147.29,Wetland,-0.477505194,-0.485019174
Kytalyksite2,70.49,147.29,Wetland,-0.506848146,-0.579865425
Kytalyksite2,70.49,147.29,Wetland,-0.473093172,-0.639671005
Kytalyksite2,70.49,147.29,Wetland,0.099619384,-1.133443575
Kytalyksite2,70.49,147.29,Wetland,-0.159887505,-0.568615719
Kytalyksite2,70.49,147.29,Wetland,-0.07361702,-0.390341973
Kytalyksite2,70.49,147.29,Wetland,0.040190205,-0.298687377
Kytalyksite2,70.49,147.29,Wetland,0.088688779,-0.486513279
Kytalyksite2,70.49,147.29,Wetland,-0.414830627,-0.286305585
Kytalyksite2,70.49,147.29,Wetland,-0.327466848,-0.191508263
Kytalyksite2,70.49,147.29,Wetland,-0.489465167,-0.045304211
Kytalyksite2,70.49,147.29,Wetland,-0.56809178,0.023766642
Kytalyksite2,70.49,147.29,Wetland,-0.660232089,0.010899154
Kytalyksite2,70.49,147.29,Wetland,-0.711137585,0.067274981
Kytalyksite2,70.49,147.29,Wetland,-0.551799258,0.079429923
Kytalyksite2,70.49,147.29,Wetland,-0.484480989,0.091450231
Kytalyksite2,70.49,147.29,Wetland,-0.467686194,0.140287358
Kytalyksite2,70.49,147.29,Wetland,-0.828819315,0.171000129
Kytalyksite2,70.49,147.29,Wetland,-0.828819315,0.250271834
Kytalyksite2,70.49,147.29,Wetland,-0.794672499,0.240035575
Kytalyksite2,70.49,147.29,Wetland,-0.663535656,0.221982958
Kytalyksite2,70.49,147.29,Wetland,-0.317578994,0.245006393
Kytalyksite2,70.49,147.29,Wetland,-0.272579719,0.341858613
Kytalyksite2,70.49,147.29,Wetland,-0.193825652,0.054582409
Kytalyksite2,70.49,147.29,Wetland,-0.050190751,0.249913927
Kytalyksite2,70.49,147.29,Wetland,0.372596899,0.117509718
LA,59.268074,17.966337,Aquatic,-0.178812899,-0.746979868
LA,59.268074,17.966337,Aquatic,-0.122789254,-0.623209506
LA,59.268074,17.966337,Aquatic,-0.052978162,-0.403898113
LA,59.268074,17.966337,Aquatic,0.016591369,-0.386971526
LA,59.268074,17.966337,Aquatic,0.469781054,0.441590879
LA,59.268074,17.966337,Aquatic,0.496918442,0.747403701
LA,59.268074,17.966337,Aquatic,0.537555012,0.445698053
LA,59.268074,17.966337,Aquatic,0.564599828,1.091336182
LA,59.268074,17.966337,Aquatic,0.632050614,1.015947156
LA,59.268074,17.966337,Aquatic,0.699271975,1.768964694
LA,59.268074,17.966337,Aquatic,0.766265081,1.607266221
LA,59.268074,17.966337,Aquatic,0.806351864,1.757210632
LaSelva,10.25,-84,Wetland,1.310788544,1.856412174
LaSelva,10.25,-84,Wetland,1.070999335,1.156544983
LaSelva,10.25,-84,Wetland,1.236105774,-0.845619012
LaSelva,10.25,-84,Wetland,1.16952329,2.507463084
LaSelva,10.25,-84,Wetland,1.212062925,0.761566013
LaSelva,10.25,-84,Wetland,1.10941713,1.541090031
LacAbitibi,48.62749,-79.50201,Aquatic,-0.907021118,-0.835756353
LacAbitibi,48.62749,-79.50201,Aquatic,0.160527669,-0.295939088
LacAbitibi,48.62749,-79.50201,Aquatic,0.790326945,0.933524082
LacAlbanel,50.85316,-73.34535,Aquatic,-0.654200867,-1.016376234
LacAlbanel,50.85316,-73.34535,Aquatic,-0.585398993,-0.449054064
LacAlbanel,50.85316,-73.34535,Aquatic,0.399049737,0.385793682
LacBoily,49.34015,-79.20161,Aquatic,-0.636978624,-0.368946852
LacBoily,49.34015,-79.20161,Aquatic,0.236231327,-0.185657768
LacBoily,49.34015,-79.20161,Aquatic,0.689874752,0.842676103
LacdesFreres,48.93593,-79.1804,Aquatic,0.916834708,-0.515472629
LacdesFreres,48.93593,-79.1804,Aquatic,0.145352471,-0.267778253
LacdesFreres,48.93593,-79.1804,Aquatic,-0.516828702,0.97722203
Lacdesilets,48.201246,-71.23432,Aquatic,-1.817864816,-0.607424669
Lacdesilets,48.201246,-71.23432,Aquatic,0.219738616,-0.587516762
Lacdesilets,48.201246,-71.23432,Aquatic,0.110820523,0.006429593
Lacdesilets,48.201246,-71.23432,Aquatic,0.886281165,0.710380407
LacduQuai,48.12947,-71.258607,Aquatic,-0.145180027,-0.854045749
LacduQuai,48.12947,-71.258607,Aquatic,-0.361970884,-0.218145949
LacduQuai,48.12947,-71.258607,Aquatic,0.928777505,1.45493128
LacDuparquet,48.48519,-79.31643,Aquatic,0.070688718,-0.673938753
LacDuparquet,48.48519,-79.31643,Aquatic,1.006889501,-0.396833146
LacDuparquet,48.48519,-79.31643,Aquatic,-0.7232355,0.936939037
LacFaniant,48.127375,-71.263,Aquatic,-0.397384432,-0.740716247
LacFaniant,48.127375,-71.263,Aquatic,0.02492354,-0.348724559
LacFaniant,48.127375,-71.263,Aquatic,0.613187571,1.36884547
LacFortune,48.190224,-79.30344,Aquatic,0.547024899,-1.388983793
LacFortune,48.190224,-79.30344,Aquatic,-0.516828702,-0.011466797
LacFortune,48.190224,-79.30344,Aquatic,0.959264985,2.128937004
LacHebecourt,48.5045,-79.3897,Aquatic,-0.775164933,-1.172647965
LacHebecourt,48.5045,-79.3897,Aquatic,0.876972815,0.107863626
LacHebecourt,48.5045,-79.3897,Aquatic,1.064940323,1.011236654
LacHebecourt,48.5045,-79.3897,Aquatic,0.252710421,1.319119894
LacJohn,49.3457,-79.20248,Aquatic,-0.806964583,-1.36806739
LacJohn,49.3457,-79.20248,Aquatic,-0.211097116,-0.9777006
LacJohn,49.3457,-79.20248,Aquatic,0.563248464,0.497738687
LacJohn,49.3457,-79.20248,Aquatic,0.128784571,1.280577257
LacKenogami,48.29824,-71.23846,Aquatic,-0.437121167,-1.08242719
LacKenogami,48.29824,-71.23846,Aquatic,-2.003984433,-1.122957656
LacKenogami,48.29824,-71.23846,Aquatic,0.265060817,0.348162651
LacMatis,50.014556,-78.78939,Aquatic,-0.889584886,-1.683556522
LacMatis,50.014556,-78.78939,Aquatic,0.825031122,-0.069605263
LacMatis,50.014556,-78.78939,Aquatic,-0.052978162,1.362810779
LacMatissard,48.43141,-78.68851,Aquatic,0.185334998,-0.285204082
LacMatissard,48.43141,-78.68851,Aquatic,-0.786722729,-0.241663133
LacMatissard,48.43141,-78.68851,Aquatic,0.891598242,0.715662876
LacMistassini,50.50873,-73.82723,Aquatic,-0.779498342,-0.940670685
LacMistassini,50.50873,-73.82723,Aquatic,0.282886787,-0.45916047
LacMistassini,50.50873,-73.82723,Aquatic,-1.199821347,0.061987153
LacNixon,48.11938,-71.26266,Aquatic,-0.086457262,-0.450460213
LacNixon,48.11938,-71.26266,Aquatic,0.128784571,-0.025912266
LacNixon,48.11938,-71.26266,Aquatic,0.66703428,1.289135244
LacQuasion,49.978722,-79.507,Aquatic,-0.417243071,-1.295407475
LacQuasion,49.978722,-79.507,Aquatic,-1.06168693,-0.719980173
LacQuasion,49.978722,-79.507,Aquatic,0.579458746,0.902418122
LacRenaud,48.18528,-79.28266,Aquatic,-0.965249026,-1.810445826
LacRenaud,48.18528,-79.28266,Aquatic,0.58755891,-0.037902624
LacRenaud,48.18528,-79.28266,Aquatic,1.105736506,2.734852276
LacSainte-Helene,49.814722,-78.325306,Aquatic,-0.145180027,-1.410972353
LacSainte-Helene,49.814722,-78.325306,Aquatic,-1.066081219,-0.248879905
LacSainte-Helene,49.814722,-78.325306,Aquatic,0.622621342,0.966173964
LacSimoncouche,48.23241,-71.24915,Aquatic,-1.579252836,-1.434875455
LacSimoncouche,48.23241,-71.24915,Aquatic,0.085920591,-0.599430619
LacSimoncouche,48.23241,-71.24915,Aquatic,0.088688779,-0.017904512
LacSimoncouche,48.23241,-71.24915,Aquatic,0.975152692,1.551562127
LacSt-Jean,48.493,-72.12424,Aquatic,0.705981538,-0.715823573
LacSt-Jean,48.493,-72.12424,Aquatic,-0.320968571,-0.069709055
LacSt-Jean,48.493,-72.12424,Aquatic,-0.191439702,0.790756298
LacTario,49.87,-79.195556,Aquatic,-0.31108389,-0.629003499
LacTario,49.87,-79.195556,Aquatic,-0.979831813,-0.261317557
LacTario,49.87,-79.195556,Aquatic,0.64820462,0.362625935
LacValiquette,48.12679,-71.27876,Aquatic,-0.340752426,-0.77662796
LacValiquette,48.12679,-71.27876,Aquatic,0.182580148,-0.037999884
LacValiquette,48.12679,-71.27876,Aquatic,0.63743675,1.279245493
LakeCharels,29.57,-94.3,RicePaddy,1.952648342,-2.084799863
LakeCharels,29.57,-94.3,RicePaddy,1.875236409,-0.465869711
LakeCharels,29.57,-94.3,RicePaddy,1.827169394,0.804312691
LakeCharels,29.57,-94.3,RicePaddy,2.058173319,1.345365072
LakeCharels,29.57,-94.3,RicePaddy,2.12961292,1.977987756
LakeCharels,29.57,-94.3,RicePaddy,2.028619962,2.098788917
LakeCharels,29.57,-94.3,RicePaddy,1.858806002,1.824912415
LakeCharels,29.57,-94.3,RicePaddy,1.652612955,2.067879587
LakeCharels,29.57,-94.3,RicePaddy,1.438631564,1.795169815
LakeCharels,29.57,-94.3,RicePaddy,1.537241913,2.39498064
Lakkasuomire_Bog,61.47,21.49,Wetland,-2.092487477,-2.297940677
Lakkasuomire_Bog,61.47,21.49,Wetland,-1.803295123,-2.226566336
Lakkasuomire_Bog,61.47,21.49,Wetland,-1.39249218,-1.018756588
Lakkasuomire_Bog,61.47,21.49,Wetland,-0.507945768,-0.071152012
Lakkasuomire_Bog,61.47,21.49,Wetland,0.053407301,0.017935112
Lakkasuomire_Bog,61.47,21.49,Wetland,0.313551274,-0.030426599
Lakkasuomire_Bog,61.47,21.49,Wetland,-0.883556849,-0.543125693
Lakkasuomire_Bog,61.47,21.49,Wetland,-1.459530893,-1.36623568
Lakkasuomire_Bog,61.47,21.49,Wetland,-1.611696461,-1.574429849
Lakkasuomire_Fen,61.47,21.49,Wetland,-2.236907513,-1.987095561
Lakkasuomire_Fen,61.47,21.49,Wetland,-2.105460252,-1.804774004
Lakkasuomire_Fen,61.47,21.49,Wetland,-1.396824809,-1.399306873
Lakkasuomire_Fen,61.47,21.49,Wetland,-0.927134758,-0.823943613
Lakkasuomire_Fen,61.47,21.49,Wetland,-0.317155337,-0.013014534
Lakkasuomire_Fen,61.47,21.49,Wetland,0.157948698,0.232107924
Lakkasuomire_Fen,61.47,21.49,Wetland,0.216548454,0.354710246
Lakkasuomire_Fen,61.47,21.49,Wetland,-0.619856912,-0.957474843
Lakkasuomire_Fen,61.47,21.49,Wetland,-1.68382858,-1.517091931
Lakkasuomire_Fen,61.47,21.49,Wetland,-2.105460252,-1.987095561
LO,59.862402,17.939472,Aquatic,-0.762170211,-1.865831974
LO,59.862402,17.939472,Aquatic,-0.475512549,-0.940241847
LO,59.862402,17.939472,Aquatic,-0.404474571,-0.824645241
LO,59.862402,17.939472,Aquatic,-0.263141172,-0.49087021
LO,59.862402,17.939472,Aquatic,-0.15078161,0.044611616
LO,59.862402,17.939472,Aquatic,-0.122789254,-0.169729323
LO,59.862402,17.939472,Aquatic,0.292478789,0.971869691
LO,59.862402,17.939472,Aquatic,0.42900527,0.582413338
LO,59.862402,17.939472,Aquatic,0.496918442,0.707875245
LO,59.862402,17.939472,Aquatic,0.605097896,1.613212582
LO,59.862402,17.939472,Aquatic,0.632050614,0.770372129
LO,59.862402,17.939472,Aquatic,0.833031091,1.127626858
LochMore,58.608334,-3.295898,Wetland,-1.274058225,-1.330613577
LochMore,58.608334,-3.295898,Wetland,-0.980291339,-0.91142919
LochMore,58.608334,-3.295898,Wetland,-0.832700605,-0.689874961
LochMore,58.608334,-3.295898,Wetland,-0.689393755,-0.630847916
LS,59.890831,15.396137,Aquatic,-0.647023166,-0.829992199
LS,59.890831,15.396137,Aquatic,-0.503997459,-0.43066925
LS,59.890831,15.396137,Aquatic,-0.319556178,-0.144439879
LS,59.890831,15.396137,Aquatic,-0.15078161,-0.418956432
LS,59.890831,15.396137,Aquatic,0.237605104,0.456903596
LS,59.890831,15.396137,Aquatic,0.292478789,0.651496348
LS,59.890831,15.396137,Aquatic,0.333535156,0.056488238
LS,59.890831,15.396137,Aquatic,0.496918442,-0.123125518
LS,59.890831,15.396137,Aquatic,0.591607749,0.384951687
LS,59.890831,15.396137,Aquatic,0.926124178,0.793153105
LS,59.890831,15.396137,Aquatic,1.150382912,1.739935781
LucknowS1,26.45,80.51,Wetland,-0.122789254,0.310811208
LucknowS1,26.45,80.51,Wetland,2.370171674,1.15080196
LucknowS1,26.45,80.51,Wetland,2.735862377,1.995413092
LucknowS10,26.45,80.51,Wetland,0.016591369,0.549204782
LucknowS10,26.45,80.51,Wetland,1.871319669,0.848162141
LucknowS10,26.45,80.51,Wetland,2.735862377,1.609910588
LucknowS2,26.45,80.51,Wetland,0.292478789,0.919359085
LucknowS2,26.45,80.51,Wetland,2.122381252,0.139984885
LucknowS2,26.45,80.51,Wetland,2.492860113,1.101988856
LucknowS3,26.45,80.51,Wetland,0.292478789,0.553608101
LucknowS3,26.45,80.51,Wetland,1.871319669,0.806310454
LucknowS3,26.45,80.51,Wetland,2.614754452,2.515754769
LucknowS4,26.45,80.51,Wetland,0.016591369,0.853313249
LucknowS4,26.45,80.51,Wetland,1.744541883,0.205912671
LucknowS4,26.45,80.51,Wetland,2.492860113,2.0397604
LucknowS5,26.45,80.51,Wetland,0.42900527,0.638479106
LucknowS5,26.45,80.51,Wetland,2.122381252,1.195276824
LucknowS5,26.45,80.51,Wetland,2.856191472,3.529880333
LucknowS6,26.45,80.51,Wetland,0.155010747,0.51008695
LucknowS6,26.45,80.51,Wetland,2.246681349,1.491301931
LucknowS6,26.45,80.51,Wetland,2.492860113,1.714265494
LucknowS7,26.45,80.51,Wetland,0.42900527,0.585999315
LucknowS7,26.45,80.51,Wetland,1.871319669,1.110410608
LucknowS7,26.45,80.51,Wetland,2.614754452,2.493965992
LucknowS8,26.45,80.51,Wetland,0.292478789,0.777948921
LucknowS8,26.45,80.51,Wetland,2.246681349,1.417439306
LucknowS8,26.45,80.51,Wetland,2.856191472,2.259388459
LucknowS9,26.45,80.51,Wetland,0.292478789,0.819440593
LucknowS9,26.45,80.51,Wetland,2.122381252,0.718322473
LucknowS9,26.45,80.51,Wetland,2.492860113,0.934116428
LV,59.913257,15.40678,Aquatic,-0.618337588,-0.353093359
LV,59.913257,15.40678,Aquatic,-0.475512549,-0.375476401
LV,59.913257,15.40678,Aquatic,-0.333684544,-0.508375988
LV,59.913257,15.40678,Aquatic,-0.164792383,-0.47479057
MarcellFen,42.32,-93.28,Wetland,-1.711361543,-2.281362482
MarcellFen,42.32,-93.28,Wetland,-1.55074159,-2.131362482
MarcellFen,42.32,-93.28,Wetland,-1.461409192,-2.234362482
MarcellFen,42.32,-93.28,Wetland,-1.461409192,-1.942362482
MarcellFen,42.32,-93.28,Wetland,-1.300623218,-1.990362482
MarcellFen,42.32,-93.28,Wetland,-1.302549434,-1.743362482
MarcellFen,42.32,-93.28,Wetland,-1.164906627,-1.949362482
MarcellFen,42.32,-93.28,Wetland,-1.173887481,-1.770362483
MarcellFen,42.32,-93.28,Wetland,-0.863893454,-0.772362482
MarcellFen,42.32,-93.28,Wetland,-0.753655925,-1.156362482
MarcellFen,42.32,-93.28,Wetland,-0.422352721,-1.012362482
MarcellFen,42.32,-93.28,Wetland,-0.633105622,-0.644362483
MarcellFen,42.32,-93.28,Wetland,-0.61145905,-0.137362483
MarcellFen,42.32,-93.28,Wetland,-0.536804517,0.137637518
MarcellFen,42.32,-93.28,Wetland,-0.121110949,0.177637518
MarcellForestedBogC3,42.32,-93.28,Wetland,-1.466187821,-1.711935633
MarcellForestedBogC3,42.32,-93.28,Wetland,-1.113892974,-0.488935634
MarcellForestedBogC3,42.32,-93.28,Wetland,-1.113892974,-0.584935634
MarcellForestedBogC3,42.32,-93.28,Wetland,-1.024373261,-0.612935633
MarcellForestedBogC3,42.32,-93.28,Wetland,-1.028759597,-0.945935633
MarcellForestedBogC3,42.32,-93.28,Wetland,-0.937570194,-1.139935633
MarcellForestedBogC3,42.32,-93.28,Wetland,-0.946306852,-0.638935633
MarcellForestedBogC3,42.32,-93.28,Wetland,-0.79568451,-0.798935634
MarcellForestedBogC3,42.32,-93.28,Wetland,-0.802336109,-0.520935633
MarcellForestedBogC3,42.32,-93.28,Wetland,-0.859832219,-0.169935633
MarcellForestedBogC3,42.32,-93.28,Wetland,-0.413553567,-0.198935634
MarcellForestedBogC3,42.32,-93.28,Wetland,-1.021595731,-1.644935633
MarcellForestedBogC3,42.32,-93.28,Wetland,-0.703795915,-1.720935633
MarcellForestedBogC4,42.32,-93.28,Wetland,-1.515980633,-1.994463713
MarcellForestedBogC4,42.32,-93.28,Wetland,-1.45394478,-2.022463713
MarcellForestedBogC4,42.32,-93.28,Wetland,-1.477093177,-1.438463713
MarcellForestedBogC4,42.32,-93.28,Wetland,-1.332057711,-0.977463713
MarcellForestedBogC4,42.32,-93.28,Wetland,-1.268940445,-1.088463713
MarcellForestedBogC4,42.32,-93.28,Wetland,-1.140780721,-1.088463713
MarcellForestedBogC4,42.32,-93.28,Wetland,-1.140780721,-1.004463713
MarcellForestedBogC4,42.32,-93.28,Wetland,-0.801613004,-1.090463713
MarcellForestedBogC4,42.32,-93.28,Wetland,-0.801613004,-1.006463713
MarcellForestedBogC4,42.32,-93.28,Wetland,-0.786144684,-0.895463713
MarcellForestedBogC4,42.32,-93.28,Wetland,-0.730872394,-0.978463713
MarcellForestedBogC4,42.32,-93.28,Wetland,-0.776320419,-0.593463713
MarcellForestedBogC4,42.32,-93.28,Wetland,-0.817816668,-0.468463713
MarcellForestedBogC4,42.32,-93.28,Wetland,-0.500292162,-0.862463713
MarcellForestedBogC4,42.32,-93.28,Wetland,-0.210816161,0.331536287
MarcellOpenBogC1,42.32,-93.28,Wetland,-1.650852456,-2.851988173
MarcellOpenBogC1,42.32,-93.28,Wetland,-1.235533597,-2.400988173
MarcellOpenBogC1,42.32,-93.28,Wetland,-1.156959619,-2.489988173
MarcellOpenBogC1,42.32,-93.28,Wetland,-1.069450809,-1.909988173
MarcellOpenBogC1,42.32,-93.28,Wetland,-1.069450809,-1.532988173
MarcellOpenBogC1,42.32,-93.28,Wetland,-1.208079858,-1.580988173
MarcellOpenBogC1,42.32,-93.28,Wetland,-1.210440038,-1.457988172
MarcellOpenBogC1,42.32,-93.28,Wetland,-0.723667701,-0.438988173
MarcellOpenBogC1,42.32,-93.28,Wetland,-0.675461671,-0.404988172
MarcellOpenBogC1,42.32,-93.28,Wetland,-0.647023166,-0.617988172
MarcellOpenBogC1,42.32,-93.28,Wetland,-0.601288799,-0.256988173
MarcellOpenBogC1,42.32,-93.28,Wetland,-0.518254895,-0.147988173
MarcellOpenBogC1,42.32,-93.28,Wetland,-0.459862854,-0.359988173
MarcellOpenBogC1,42.32,-93.28,Wetland,-0.152882606,-0.427988172
MarcellOpenBogC1,42.32,-93.28,Wetland,-0.38774582,-0.502988172
MarcellOpenBogC1,42.32,-93.28,Wetland,-0.030132795,-0.044988173
MarcellOpenBogC2,42.32,-93.28,Wetland,-1.409512358,-2.924727707
MarcellOpenBogC2,42.32,-93.28,Wetland,-1.409512358,-2.616727707
MarcellOpenBogC2,42.32,-93.28,Wetland,-1.094666952,-2.227727707
MarcellOpenBogC2,42.32,-93.28,Wetland,-0.950676574,-2.227727707
MarcellOpenBogC2,42.32,-93.28,Wetland,-0.922726397,-1.169727707
MarcellOpenBogC2,42.32,-93.28,Wetland,-0.929273809,-1.243727707
MarcellOpenBogC2,42.32,-93.28,Wetland,-0.395966702,-0.983727707
MarcellOpenBogC2,42.32,-93.28,Wetland,-0.387320692,-0.846727707
MarcellOpenBogC2,42.32,-93.28,Wetland,-0.26919824,0.080272293
MarcellOpenBogC2,42.32,-93.28,Wetland,-0.413127899,0.309272293
MarcellOpenBogC2,42.32,-93.28,Wetland,-0.447493902,0.458272293
MarcellOpenBogC2,42.32,-93.28,Wetland,-0.390863693,0.676272293
MarcellOpenBogC2,42.32,-93.28,Wetland,0.098789421,0.223272293
MarcellOpenBogC2,42.32,-93.28,Wetland,0.21630092,0.557272293
MarcellOpenBogC2,42.32,-93.28,Wetland,0.378736002,1.299272293
MarcellOpenBogC2,42.32,-93.28,Wetland,-0.131882505,-0.859727707
MarcellOpenBogC2,42.32,-93.28,Wetland,0.113170584,-0.422727707
MarcellOpenBogC2,42.32,-93.28,Wetland,0.113170584,-0.525727707
Meso:1,50.679818,-2.186022,Aquatic,1.245742499,2.27987194
Meso:1,50.679818,-2.186022,Aquatic,1.087302862,1.43871754
Meso:1,50.679818,-2.186022,Aquatic,0.715085278,1.007933857
Meso:1,50.679818,-2.186022,Aquatic,-0.08653004,-1.000331005
Meso:1,50.679818,-2.186022,Aquatic,-0.665906878,-0.971934111
Meso:1,50.679818,-2.186022,Aquatic,0.402265182,0.418538628
Meso:10,50.679818,-2.186022,Aquatic,0.466411026,-0.824245272
Meso:10,50.679818,-2.186022,Aquatic,0.920884486,0.906960138
Meso:10,50.679818,-2.186022,Aquatic,0.334195195,0.904027732
Meso:10,50.679818,-2.186022,Aquatic,-0.962180542,0.165529198
Meso:10,50.679818,-2.186022,Aquatic,-1.556606697,-0.236992904
Meso:10,50.679818,-2.186022,Aquatic,-1.502448359,-2.125105394
Meso:10,50.679818,-2.186022,Aquatic,-0.013514178,-0.731178857
Meso:11,50.679818,-2.186022,Aquatic,0.202989955,-1.20177114
Meso:11,50.679818,-2.186022,Aquatic,1.246473234,0.674048921
Meso:11,50.679818,-2.186022,Aquatic,0.847900418,0.87196914
Meso:11,50.679818,-2.186022,Aquatic,-0.84156257,0.231957459
Meso:11,50.679818,-2.186022,Aquatic,-1.718601646,-0.024778418
Meso:11,50.679818,-2.186022,Aquatic,0.246825188,-0.824449169
Meso:12,50.679818,-2.186022,Aquatic,0.943177083,0.313578158
Meso:12,50.679818,-2.186022,Aquatic,1.904529318,2.300842038
Meso:12,50.679818,-2.186022,Aquatic,1.585622764,1.758021639
Meso:12,50.679818,-2.186022,Aquatic,0.150545775,-0.036623202
Meso:12,50.679818,-2.186022,Aquatic,-1.068073201,-0.371807173
Meso:12,50.679818,-2.186022,Aquatic,-0.969778616,-1.282126635
Meso:12,50.679818,-2.186022,Aquatic,0.718378634,0.001053187
Meso:13,50.679818,-2.186022,Aquatic,0.038419697,-0.390190646
Meso:13,50.679818,-2.186022,Aquatic,1.271248137,1.624097752
Meso:13,50.679818,-2.186022,Aquatic,0.715896105,-1.149025434
Meso:13,50.679818,-2.186022,Aquatic,-0.881124503,0.003553064
Meso:13,50.679818,-2.186022,Aquatic,-1.684444701,-1.566114203
Meso:13,50.679818,-2.186022,Aquatic,-1.584176423,-1.716531114
Meso:13,50.679818,-2.186022,Aquatic,-0.08705058,1.045316892
Meso:14,50.679818,-2.186022,Aquatic,0.599407204,-0.223486498
Meso:14,50.679818,-2.186022,Aquatic,1.749735994,1.645599824
Meso:14,50.679818,-2.186022,Aquatic,1.085420961,1.595934263
Meso:14,50.679818,-2.186022,Aquatic,-0.262263186,-0.076021458
Meso:14,50.679818,-2.186022,Aquatic,-0.987247184,-0.604953203
Meso:14,50.679818,-2.186022,Aquatic,-0.98981992,-1.638737725
Meso:14,50.679818,-2.186022,Aquatic,0.54858522,0.750923909
Meso:15,50.679818,-2.186022,Aquatic,0.772934196,-0.563090151
Meso:15,50.679818,-2.186022,Aquatic,1.497454782,1.525858771
Meso:15,50.679818,-2.186022,Aquatic,1.317554641,0.742173152
Meso:15,50.679818,-2.186022,Aquatic,-0.04648842,-0.519144443
Meso:15,50.679818,-2.186022,Aquatic,-0.606494249,1.053337201
Meso:15,50.679818,-2.186022,Aquatic,-0.939005926,-0.405077997
Meso:15,50.679818,-2.186022,Aquatic,0.445579655,-0.781365425
Meso:16,50.679818,-2.186022,Aquatic,0.007537669,-0.826503648
Meso:16,50.679818,-2.186022,Aquatic,0.785456938,1.732545715
Meso:16,50.679818,-2.186022,Aquatic,0.417590924,-0.512253899
Meso:16,50.679818,-2.186022,Aquatic,-0.906201103,-0.772021865
Meso:16,50.679818,-2.186022,Aquatic,-1.590222945,-2.417730299
Meso:16,50.679818,-2.186022,Aquatic,-1.671300492,-1.267098453
Meso:16,50.679818,-2.186022,Aquatic,-0.254264833,0.370042687
Meso:17,50.679818,-2.186022,Aquatic,0.730000477,-0.440670872
Meso:17,50.679818,-2.186022,Aquatic,1.454321667,1.667054646
Meso:17,50.679818,-2.186022,Aquatic,0.950224223,2.367765972
Meso:17,50.679818,-2.186022,Aquatic,0.029160096,-1.403602876
Meso:17,50.679818,-2.186022,Aquatic,-1.19402758,-1.256937473
Meso:17,50.679818,-2.186022,Aquatic,-0.311774931,-0.225774712
Meso:17,50.679818,-2.186022,Aquatic,0.852304892,1.92780683
Meso:18,50.679818,-2.186022,Aquatic,0.04887053,-1.093727504
Meso:18,50.679818,-2.186022,Aquatic,1.019484332,1.516120934
Meso:18,50.679818,-2.186022,Aquatic,0.374066204,0.482071167
Meso:18,50.679818,-2.186022,Aquatic,-1.573284677,-2.212819748
Meso:18,50.679818,-2.186022,Aquatic,-1.556907021,-1.06730357
Meso:18,50.679818,-2.186022,Aquatic,-0.459399587,-0.226394835
Meso:19,50.679818,-2.186022,Aquatic,0.833515804,0.342953503
Meso:19,50.679818,-2.186022,Aquatic,0.827769964,1.788656875
Meso:19,50.679818,-2.186022,Aquatic,0.950424426,1.706066719
Meso:19,50.679818,-2.186022,Aquatic,0.291461195,1.252454089
Meso:19,50.679818,-2.186022,Aquatic,-0.698351115,-2.307608254
Meso:2,50.679818,-2.186022,Aquatic,-0.237116931,-1.151745761
Meso:2,50.679818,-2.186022,Aquatic,0.666385612,-0.102671027
Meso:2,50.679818,-2.186022,Aquatic,0.363825675,0.365053496
Meso:2,50.679818,-2.186022,Aquatic,-0.085388852,1.245087519
Meso:2,50.679818,-2.186022,Aquatic,-0.525228734,-0.474015834
Meso:20,50.679818,-2.186022,Aquatic,-0.12251748,-1.070372345
Meso:20,50.679818,-2.186022,Aquatic,0.236504543,0.52280703
Meso:20,50.679818,-2.186022,Aquatic,-0.344779458,-0.893959397
Meso:20,50.679818,-2.186022,Aquatic,-1.716419284,-1.112708959
Meso:20,50.679818,-2.186022,Aquatic,-1.556486567,-1.524890939
Meso:20,50.679818,-2.186022,Aquatic,-0.579535862,0.341748008
Meso:3,50.679818,-2.186022,Aquatic,-0.039561224,-1.186175018
Meso:3,50.679818,-2.186022,Aquatic,0.715105299,1.390523439
Meso:3,50.679818,-2.186022,Aquatic,0.251039534,1.071328901
Meso:3,50.679818,-2.186022,Aquatic,0.025426224,0.260221411
Meso:3,50.679818,-2.186022,Aquatic,-1.127036056,-1.873614226
Meso:3,50.679818,-2.186022,Aquatic,-1.668947949,-1.716619722
Meso:3,50.679818,-2.186022,Aquatic,-0.13225762,-0.676055277
Meso:4,50.679818,-2.186022,Aquatic,0.469684384,-0.359884175
Meso:4,50.679818,-2.186022,Aquatic,1.309056111,1.200821383
Meso:4,50.679818,-2.186022,Aquatic,0.910584041,0.882030718
Meso:4,50.679818,-2.186022,Aquatic,0.689949651,0.936783475
Meso:4,50.679818,-2.186022,Aquatic,-0.553338294,-0.866651563
Meso:4,50.679818,-2.186022,Aquatic,-0.810749939,-0.021892768
Meso:4,50.679818,-2.186022,Aquatic,0.417250574,0.034293631
Meso:5,50.679818,-2.186022,Aquatic,0.798320023,-1.403759348
Meso:5,50.679818,-2.186022,Aquatic,0.598576355,2.004300932
Meso:5,50.679818,-2.186022,Aquatic,-0.315719055,0.69352188
Meso:5,50.679818,-2.186022,Aquatic,-1.056170523,-0.313527183
Meso:5,50.679818,-2.186022,Aquatic,-1.499244911,-1.082391827
Meso:5,50.679818,-2.186022,Aquatic,0.207995122,-1.431743921
Meso:5,50.679818,-2.186022,Aquatic,0.102105667,0.50378107
Meso:6,50.679818,-2.186022,Aquatic,0.819601663,-0.497286852
Meso:6,50.679818,-2.186022,Aquatic,1.218324921,1.099976478
Meso:6,50.679818,-2.186022,Aquatic,1.039044109,1.103572782
Meso:6,50.679818,-2.186022,Aquatic,0.475420265,1.142350757
Meso:6,50.679818,-2.186022,Aquatic,0.039270578,-0.315522842
Meso:6,50.679818,-2.186022,Aquatic,-0.778605924,-0.282454911
Meso:6,50.679818,-2.186022,Aquatic,0.603491379,-0.040999723
Meso:7,50.679818,-2.186022,Aquatic,0.328989838,-0.991833486
Meso:7,50.679818,-2.186022,Aquatic,0.79703872,1.888973662
Meso:7,50.679818,-2.186022,Aquatic,0.320411008,0.206417532
Meso:7,50.679818,-2.186022,Aquatic,-0.634874154,-0.096645301
Meso:7,50.679818,-2.186022,Aquatic,-1.233720012,-1.716001738
Meso:7,50.679818,-2.186022,Aquatic,-1.423893877,-1.816297875
Meso:7,50.679818,-2.186022,Aquatic,0.034595732,0.136694161
Meso:8,50.679818,-2.186022,Aquatic,0.968803042,-0.788486392
Meso:8,50.679818,-2.186022,Aquatic,1.571668852,2.016955558
Meso:8,50.679818,-2.186022,Aquatic,1.444391735,1.917993273
Meso:8,50.679818,-2.186022,Aquatic,0.246004341,1.613145827
Meso:8,50.679818,-2.186022,Aquatic,-0.703106136,-1.192393427
Meso:8,50.679818,-2.186022,Aquatic,-0.601258736,-0.788779492
Meso:9,50.679818,-2.186022,Aquatic,0.900293603,0.246390601
Meso:9,50.679818,-2.186022,Aquatic,1.624851844,2.398637782
Meso:9,50.679818,-2.186022,Aquatic,1.617764787,2.485505594
Meso:9,50.679818,-2.186022,Aquatic,-0.052845024,-0.543849039
Meso:9,50.679818,-2.186022,Aquatic,-0.917923543,-0.776691582
Meso:9,50.679818,-2.186022,Aquatic,-0.605292985,-0.082417387
Meso:9,50.679818,-2.186022,Aquatic,0.7078479,-0.60016722
MitoCompost,36.01,140.07,RicePaddy,-0.469678071,-1.268118463
MitoCompost,36.01,140.07,RicePaddy,-0.119153104,-0.719010652
MitoCompost,36.01,140.07,RicePaddy,0.000889718,0.247038551
MitoCompost,36.01,140.07,RicePaddy,0.007560946,0.172884762
MitoCompost,36.01,140.07,RicePaddy,0.052672477,1.284244196
MitoCompost,36.01,140.07,RicePaddy,0.663000864,0.842012612
MitoCompost,36.01,140.07,RicePaddy,1.004643169,1.522597644
MitoCompost,36.01,140.07,RicePaddy,1.182360409,0.34564612
MitoStraw6t,36.01,140.07,RicePaddy,-0.469678071,-1.912633028
MitoStraw6t,36.01,140.07,RicePaddy,-0.119153104,-0.818726631
MitoStraw6t,36.01,140.07,RicePaddy,0.000889718,0.561950569
MitoStraw6t,36.01,140.07,RicePaddy,0.007560946,1.042130526
MitoStraw6t,36.01,140.07,RicePaddy,0.052672477,1.633822493
MitoStraw6t,36.01,140.07,RicePaddy,0.663000864,0.60204891
MitoStraw6t,36.01,140.07,RicePaddy,1.004643169,1.159016445
MitoStraw6t,36.01,140.07,RicePaddy,1.182360409,-0.075554649
MitoStraw9t,36.01,140.07,RicePaddy,-0.469678071,-1.966910741
MitoStraw9t,36.01,140.07,RicePaddy,-0.119153104,-0.614139072
MitoStraw9t,36.01,140.07,RicePaddy,0.000889718,0.618537138
MitoStraw9t,36.01,140.07,RicePaddy,0.007560946,1.035802603
MitoStraw9t,36.01,140.07,RicePaddy,0.052672477,1.384823173
MitoStraw9t,36.01,140.07,RicePaddy,0.663000864,0.829934959
MitoStraw9t,36.01,140.07,RicePaddy,1.004643169,1.283229462
MitoStraw9t,36.01,140.07,RicePaddy,1.182360409,-0.394410435
NewportNewSwamp-Bank,37.14,-76.3,Wetland,-1.865415667,-1.240473006
NewportNewSwamp-Bank,37.14,-76.3,Wetland,-1.572907965,-2.485290568
NewportNewSwamp-Bank,37.14,-76.3,Wetland,-1.324587704,-2.810026377
NewportNewSwamp-Bank,37.14,-76.3,Wetland,-0.977347634,-1.565211811
NewportNewSwamp-Bank,37.14,-76.3,Wetland,-0.741626518,-2.142515227
NewportNewSwamp-Bank,37.14,-76.3,Wetland,-0.635874026,0.166708533
NewportNewSwamp-Bank,37.14,-76.3,Wetland,-0.142281819,1.032668173
NewportNewSwamp-Bank,37.14,-76.3,Wetland,-0.007285559,0.87029748
NewportNewSwamp-Bank,37.14,-76.3,Wetland,0.228124113,2.079034321
NewportNewSwamp-Bank,37.14,-76.3,Wetland,0.238759005,1.664095725
NewportNewSwamp-Bank,37.14,-76.3,Wetland,0.275936554,1.104832756
NewportNewSwamp-Bank,37.14,-76.3,Wetland,0.659544916,-0.067821776
NewportNewSwamp-Bank,37.14,-76.3,Wetland,0.695943185,-0.21214821
NewportNewSwamp-Bank,37.14,-76.3,Wetland,0.815066611,-0.446678993
NewportNewSwamp-Bank,37.14,-76.3,Wetland,0.695943185,1.140910262
NewportNewSwamp-Bank,37.14,-76.3,Wetland,1.142787105,0.419280075
NewportNewSwamp-Bank,37.14,-76.3,Wetland,1.147864423,1.158954697
NewportNewSwamp-Deep,37.14,-76.3,Wetland,-1.871307713,-3.28717047
NewportNewSwamp-Deep,37.14,-76.3,Wetland,-1.572907965,-1.753696872
NewportNewSwamp-Deep,37.14,-76.3,Wetland,-1.324587704,-2.745945399
NewportNewSwamp-Deep,37.14,-76.3,Wetland,-0.977347634,-2.673782228
NewportNewSwamp-Deep,37.14,-76.3,Wetland,-0.730468864,-1.447004274
NewportNewSwamp-Deep,37.14,-76.3,Wetland,-0.630323252,0.934380129
NewportNewSwamp-Deep,37.14,-76.3,Wetland,-0.142281819,1.854464368
NewportNewSwamp-Deep,37.14,-76.3,Wetland,-0.001904518,1.114791109
NewportNewSwamp-Deep,37.14,-76.3,Wetland,0.233442267,0.104504879
NewportNewSwamp-Deep,37.14,-76.3,Wetland,0.238759005,0.753970002
NewportNewSwamp-Deep,37.14,-76.3,Wetland,0.28124198,1.4936474
NewportNewSwamp-Deep,37.14,-76.3,Wetland,0.439737419,0.176667147
NewportNewSwamp-Deep,37.14,-76.3,Wetland,0.664748779,1.601891063
NewportNewSwamp-Deep,37.14,-76.3,Wetland,0.695943185,1.439523593
NewportNewSwamp-Deep,37.14,-76.3,Wetland,0.695943185,0.808096092
NewportNewSwamp-Deep,37.14,-76.3,Wetland,0.815066611,0.411198569
NewportNewSwamp-Deep,37.14,-76.3,Wetland,0.815066611,0.916339169
NewportNewSwamp-Deep,37.14,-76.3,Wetland,1.11229542,-0.057863729
NewportNewSwamp-Deep,37.14,-76.3,Wetland,1.147864423,0.826133892
NewportNewSwamp-Deep,37.14,-76.3,Wetland,1.147864423,0.988504585
PaloVerde,10.2,-85.2,Wetland,1.885971748,2.005481116
PaloVerde,10.2,-85.2,Wetland,1.438760795,2.417484338
PaloVerde,10.2,-85.2,Wetland,1.644047974,0.844099251
PaloVerde,10.2,-85.2,Wetland,1.707874012,1.888811078
PaloVerde,10.2,-85.2,Wetland,1.762722528,0.8566285
PaloVerde,10.2,-85.2,Wetland,1.152481405,1.174143917
Po_river_oxbow,45.1,10.1,Aquatic,0.719393821,-0.392306591
Po_river_oxbow,45.1,10.1,Aquatic,0.853016783,-0.169163675
Po_river_oxbow,45.1,10.1,Aquatic,0.932756822,0.993984595
Po_river_oxbow,45.1,10.1,Aquatic,1.394772446,2.846371176
Po_river_oxbow,45.1,10.1,Aquatic,1.607316015,3.065584959
Po_river_oxbow,45.1,10.1,Aquatic,1.064940323,2.603424095
Po_river_oxbow,45.1,10.1,Aquatic,1.703158134,3.425403955
Po_river_oxbow,45.1,10.1,Aquatic,1.349385799,3.232031167
Po_river_oxbow,45.1,10.1,Aquatic,0.932756822,2.469892929
Ryan'sBillabongBare,-36.07,146.58,Aquatic,-1.052461971,-0.9941336
Ryan'sBillabongBare,-36.07,146.58,Aquatic,-0.906730393,-0.9941336
Ryan'sBillabongBare,-36.07,146.58,Aquatic,-0.569521571,-1.448013501
Ryan'sBillabongBare,-36.07,146.58,Aquatic,0.059603716,-0.832189041
Ryan'sBillabongBare,-36.07,146.58,Aquatic,0.99988538,0.15724322
Ryan'sBillabongBare,-36.07,146.58,Aquatic,1.261814418,1.923255051
Ryan'sBillabongBare,-36.07,146.58,Aquatic,1.143430043,2.63914256
Ryan'sBillabongBare,-36.07,146.58,Aquatic,1.125708701,2.545980383
Ryan'sBillabongBare,-36.07,146.58,Aquatic,0.731323085,1.394402237
Ryan'sBillabongBare,-36.07,146.58,Aquatic,0.164664362,0.58061044
Ryan'sBillabongBare,-36.07,146.58,Aquatic,-0.537946584,-1.121124089
Ryan'sBillabongBare,-36.07,146.58,Aquatic,-0.480921611,-0.92749922
Ryan'sBillabongEleocharis,-36.07,146.58,Aquatic,-1.052461971,-1.21831729
Ryan'sBillabongEleocharis,-36.07,146.58,Aquatic,-0.906730393,-1.21831729
Ryan'sBillabongEleocharis,-36.07,146.58,Aquatic,-0.569521571,-1.417992862
Ryan'sBillabongEleocharis,-36.07,146.58,Aquatic,0.059603716,0.61841326
Ryan'sBillabongEleocharis,-36.07,146.58,Aquatic,0.99988538,0.794073617
Ryan'sBillabongEleocharis,-36.07,146.58,Aquatic,1.261814418,2.097724274
Ryan'sBillabongEleocharis,-36.07,146.58,Aquatic,1.143430043,1.945447359
Ryan'sBillabongEleocharis,-36.07,146.58,Aquatic,1.125708701,0.801709974
Ryan'sBillabongEleocharis,-36.07,146.58,Aquatic,0.731323085,1.815005957
Ryan'sBillabongEleocharis,-36.07,146.58,Aquatic,0.164664362,1.332331233
Ryan'sBillabongEleocharis,-36.07,146.58,Aquatic,-0.537946584,-1.561262042
Ryan'sBillabongEleocharis,-36.07,146.58,Aquatic,-0.480921611,-1.150759139
Ryan'sBillabongVallisneria,-36.07,146.58,Aquatic,-1.052461971,-1.554655976
Ryan'sBillabongVallisneria,-36.07,146.58,Aquatic,-0.906730393,-1.554655976
Ryan'sBillabongVallisneria,-36.07,146.58,Aquatic,-0.569521571,-1.075763399
Ryan'sBillabongVallisneria,-36.07,146.58,Aquatic,0.059603716,0.785457782
Ryan'sBillabongVallisneria,-36.07,146.58,Aquatic,0.99988538,0.542350181
Ryan'sBillabongVallisneria,-36.07,146.58,Aquatic,1.261814418,1.712319036
Ryan'sBillabongVallisneria,-36.07,146.58,Aquatic,1.143430043,1.222592204
Ryan'sBillabongVallisneria,-36.07,146.58,Aquatic,1.125708701,1.722198439
Ryan'sBillabongVallisneria,-36.07,146.58,Aquatic,0.731323085,0.979651152
Ryan'sBillabongVallisneria,-36.07,146.58,Aquatic,0.164664362,0.037714028
Ryan'sBillabongVallisneria,-36.07,146.58,Aquatic,-0.537946584,0.682305758
Ryan'sBillabongVallisneria,-36.07,146.58,Aquatic,-0.480921611,-1.019513045
RyugaskiCompost,36.01,140.07,RicePaddy,-0.008147772,-1.140211448
RyugaskiCompost,36.01,140.07,RicePaddy,0.790193349,-0.684102607
RyugaskiCompost,36.01,140.07,RicePaddy,0.442470538,-1.140211448
RyugaskiCompost,36.01,140.07,RicePaddy,1.047015732,0.55266002
RyugaskiCompost,36.01,140.07,RicePaddy,1.086007055,1.768391378
RyugaskiCompost,36.01,140.07,RicePaddy,0.882026467,1.923907453
RyugaskiCompost,36.01,140.07,RicePaddy,0.809421817,1.959354202
RyugaskiCompost,36.01,140.07,RicePaddy,0.618039787,1.736722664
RyugaskiCompost,36.01,140.07,RicePaddy,1.401506549,2.074499873
RyugaskiCompost,36.01,140.07,RicePaddy,1.032505872,2.423450749
RyugaskiCompost,36.01,140.07,RicePaddy,0.807286248,2.522017309
RyugaskiCompost,36.01,140.07,RicePaddy,0.584184244,2.155625418
RyugaskiCompost,36.01,140.07,RicePaddy,1.503268484,2.17680408
RyugaskiCompost,36.01,140.07,RicePaddy,1.372222076,2.964897481
RyugaskiCompost,36.01,140.07,RicePaddy,1.445092063,3.589988182
RyugaskiCompost,36.01,140.07,RicePaddy,1.459943032,0.938418076
RyugaskiCompost,36.01,140.07,RicePaddy,1.22565601,-0.651711111
RyugaskiMineral,36.01,140.07,RicePaddy,-0.008147772,-1.133249144
RyugaskiMineral,36.01,140.07,RicePaddy,0.790193349,-0.657270252
RyugaskiMineral,36.01,140.07,RicePaddy,0.442470538,-0.095832417
RyugaskiMineral,36.01,140.07,RicePaddy,1.047015732,-0.174056391
RyugaskiMineral,36.01,140.07,RicePaddy,1.086007055,0.958953098
RyugaskiMineral,36.01,140.07,RicePaddy,0.882026467,1.29651157
RyugaskiMineral,36.01,140.07,RicePaddy,0.809421817,1.51844812
RyugaskiMineral,36.01,140.07,RicePaddy,0.618039787,1.328561791
RyugaskiMineral,36.01,140.07,RicePaddy,1.401506549,2.324104119
RyugaskiMineral,36.01,140.07,RicePaddy,1.032505872,2.077925872
RyugaskiMineral,36.01,140.07,RicePaddy,0.807286248,2.767338867
RyugaskiMineral,36.01,140.07,RicePaddy,0.584184244,2.277943777
RyugaskiMineral,36.01,140.07,RicePaddy,1.503268484,1.699158073
RyugaskiMineral,36.01,140.07,RicePaddy,1.372222076,3.032140976
RyugaskiMineral,36.01,140.07,RicePaddy,1.445092063,3.390175972
RyugaskiMineral,36.01,140.07,RicePaddy,1.459943032,0.797875127
RyugaskiMineral,36.01,140.07,RicePaddy,1.22565601,-1.126423179
RyugaskiNon-N,36.01,140.07,RicePaddy,-0.008147772,-1.027981516
RyugaskiNon-N,36.01,140.07,RicePaddy,0.790193349,-1.027981516
RyugaskiNon-N,36.01,140.07,RicePaddy,0.442470538,0.080109517
RyugaskiNon-N,36.01,140.07,RicePaddy,1.047015732,1.626868813
RyugaskiNon-N,36.01,140.07,RicePaddy,1.086007055,0.368263176
RyugaskiNon-N,36.01,140.07,RicePaddy,0.882026467,1.428917509
RyugaskiNon-N,36.01,140.07,RicePaddy,0.809421817,1.384354441
RyugaskiNon-N,36.01,140.07,RicePaddy,0.618039787,0.99866184
RyugaskiNon-N,36.01,140.07,RicePaddy,1.401506549,2.134958677
RyugaskiNon-N,36.01,140.07,RicePaddy,1.032505872,1.927523824
RyugaskiNon-N,36.01,140.07,RicePaddy,0.807286248,2.498547062
RyugaskiNon-N,36.01,140.07,RicePaddy,0.584184244,2.105772056
RyugaskiNon-N,36.01,140.07,RicePaddy,1.503268484,1.522356114
RyugaskiNon-N,36.01,140.07,RicePaddy,1.372222076,2.430406025
RyugaskiNon-N,36.01,140.07,RicePaddy,1.445092063,3.466544379
RyugaskiNon-N,36.01,140.07,RicePaddy,1.459943032,0.602938285
RyugaskiNon-N,36.01,140.07,RicePaddy,1.22565601,-1.162329568
RyugaskiStraw,36.01,140.07,RicePaddy,-0.008147772,-2.032225011
RyugaskiStraw,36.01,140.07,RicePaddy,0.790193349,-1.609164141
RyugaskiStraw,36.01,140.07,RicePaddy,0.442470538,-0.485040265
RyugaskiStraw,36.01,140.07,RicePaddy,1.047015732,0.620683536
RyugaskiStraw,36.01,140.07,RicePaddy,1.086007055,1.538889898
RyugaskiStraw,36.01,140.07,RicePaddy,0.882026467,2.287312283
RyugaskiStraw,36.01,140.07,RicePaddy,0.809421817,2.600433702
RyugaskiStraw,36.01,140.07,RicePaddy,0.618039787,2.527675434
RyugaskiStraw,36.01,140.07,RicePaddy,1.401506549,1.965052404
RyugaskiStraw,36.01,140.07,RicePaddy,1.032505872,2.52569229
RyugaskiStraw,36.01,140.07,RicePaddy,0.807286248,3.244288318
RyugaskiStraw,36.01,140.07,RicePaddy,0.584184244,1.412772175
RyugaskiStraw,36.01,140.07,RicePaddy,1.503268484,1.582523712
RyugaskiStraw,36.01,140.07,RicePaddy,1.372222076,2.350319241
RyugaskiStraw,36.01,140.07,RicePaddy,1.445092063,3.185985543
RyugaskiStraw,36.01,140.07,RicePaddy,1.459943032,-0.575952072
RyugaskiStraw,36.01,140.07,RicePaddy,1.22565601,-1.76849618
Sallie'sFen:2000,43.12,-70.35,Wetland,-0.503997459,-0.608699324
Sallie'sFen:2000,43.12,-70.35,Wetland,0.223863071,0.037301078
Sallie'sFen:2000,43.12,-70.35,Wetland,0.374507045,0.368835033
Sallie'sFen:2000,43.12,-70.35,Wetland,0.374507045,0.915639258
Sallie'sFen:2001,43.12,-70.35,Wetland,-0.319556178,-0.338747886
Sallie'sFen:2001,43.12,-70.35,Wetland,0.483354388,-0.245062402
Sallie'sFen:2001,43.12,-70.35,Wetland,0.42900527,0.895996577
Sallie'sFen:2001,43.12,-70.35,Wetland,0.699271975,1.274255092
Sallie'sFen:2002,43.12,-70.35,Wetland,-0.532522333,-1.000639592
Sallie'sFen:2002,43.12,-70.35,Wetland,0.127403294,-0.060084238
Sallie'sFen:2002,43.12,-70.35,Wetland,0.739495155,0.991790572
Sallie'sFen:2002,43.12,-70.35,Wetland,0.699271975,1.577714792
Sallie'sFen:2003,43.12,-70.35,Wetland,0.210111574,0.164105069
Sallie'sFen:2003,43.12,-70.35,Wetland,0.632050614,1.124731614
Sallie'sFen:2003,43.12,-70.35,Wetland,0.551082037,0.362955927
Sallie'sFen:2004,43.12,-70.35,Wetland,-0.418662289,-0.487673551
Sallie'sFen:2004,43.12,-70.35,Wetland,0.044351825,0.007817708
Sallie'sFen:2004,43.12,-70.35,Wetland,0.401774834,0.831179529
Sallie'sFen:2004,43.12,-70.35,Wetland,0.618578848,0.539613956
SamoylovIslan,72.22,126.3,Wetland,-2.757802693,-2.679054543
SamoylovIslan,72.22,126.3,Wetland,-2.470318703,-2.280041363
SamoylovIslan,72.22,126.3,Wetland,-2.449808486,-2.609518341
SamoylovIslan,72.22,126.3,Wetland,-2.432914136,-2.192878054
SamoylovIslan,72.22,126.3,Wetland,-2.413689659,-1.925410626
SamoylovIslan,72.22,126.3,Wetland,-2.359392347,-1.983803598
SamoylovIslan,72.22,126.3,Wetland,-2.374980836,-2.322977604
SamoylovIslan,72.22,126.3,Wetland,-2.365314627,-2.51986997
SamoylovIslan,72.22,126.3,Wetland,-2.352069704,-2.346374425
SamoylovIslan,72.22,126.3,Wetland,-2.343659568,-2.346374425
SamoylovIslan,72.22,126.3,Wetland,-2.336186684,-2.454498945
SamoylovIslan,72.22,126.3,Wetland,-2.308808578,-2.473676565
SamoylovIslan,72.22,126.3,Wetland,-2.308808578,-2.697982553
SamoylovIslan,72.22,126.3,Wetland,-2.296841747,-2.954672005
SamoylovIslan,72.22,126.3,Wetland,-2.272462728,-2.286351686
SamoylovIslan,72.22,126.3,Wetland,-2.277274201,-2.223764609
SamoylovIslan,72.22,126.3,Wetland,-2.307254063,-2.164865018
SamoylovIslan,72.22,126.3,Wetland,-2.315338785,-1.901151698
SamoylovIslan,72.22,126.3,Wetland,-2.291404508,-1.814343187
SamoylovIslan,72.22,126.3,Wetland,-2.232306245,-2.097780585
SamoylovIslan,72.22,126.3,Wetland,-2.215583903,-2.225921363
SamoylovIslan,72.22,126.3,Wetland,-2.217905661,-2.349594411
SamoylovIslan,72.22,126.3,Wetland,-2.197792203,-2.372829428
SamoylovIslan,72.22,126.3,Wetland,-2.19531802,-2.226612508
SamoylovIslan,72.22,126.3,Wetland,-2.180942552,-2.289383801
SamoylovIslan,72.22,126.3,Wetland,-2.158239931,-2.267989203
SamoylovIslan,72.22,126.3,Wetland,-2.14280988,-2.177456142
SamoylovIslan,72.22,126.3,Wetland,-2.1699743,-2.072276653
SamoylovIslan,72.22,126.3,Wetland,-2.174762556,-2.055094352
SamoylovIslan,72.22,126.3,Wetland,-2.181869707,-1.845672942
SamoylovIslan,72.22,126.3,Wetland,-2.148517687,-1.939773414
SamoylovIslan,72.22,126.3,Wetland,-2.125849816,-2.086523714
SamoylovIslan,72.22,126.3,Wetland,-2.112753624,-2.05247693
SamoylovIslan,72.22,126.3,Wetland,-2.090124051,-2.154760248
SamoylovIslan,72.22,126.3,Wetland,-2.097356721,-2.269521632
SamoylovIslan,72.22,126.3,Wetland,-2.09381702,-2.479001627
SamoylovIslan,72.22,126.3,Wetland,-2.073821157,-1.998967823
SamoylovIslan,72.22,126.3,Wetland,-2.070592831,-1.67399673
SamoylovIslan,72.22,126.3,Wetland,-2.051540395,-1.787858678
SamoylovIslan,72.22,126.3,Wetland,-2.025754824,-1.830961191
SamoylovIslan,72.22,126.3,Wetland,-2.004444138,-1.844728655
SamoylovIslan,72.22,126.3,Wetland,-2.025601433,-1.689634578
SamoylovIslan,72.22,126.3,Wetland,-1.975349231,-1.873270395
SamoylovIslan,72.22,126.3,Wetland,-1.964793122,-1.99375054
SamoylovIslan,72.22,126.3,Wetland,-1.947211357,-2.022083801
SamoylovIslan,72.22,126.3,Wetland,-1.950726536,-1.931890199
SamoylovIslan,72.22,126.3,Wetland,-1.930713146,-1.69922783
SamoylovIslan,72.22,126.3,Wetland,-1.940029991,-1.611022864
SamoylovIslan,72.22,126.3,Wetland,-1.958828966,-1.578677508
SamoylovIslan,72.22,126.3,Wetland,-1.928117383,-1.581439128
SamoylovIslan,72.22,126.3,Wetland,-1.904464891,-1.539750703
SamoylovIslan,72.22,126.3,Wetland,-1.885714405,-1.570841748
SamoylovIslan,72.22,126.3,Wetland,-1.874137092,-1.731728682
SamoylovIslan,72.22,126.3,Wetland,-1.879620287,-2.191875883
SamoylovIslan,72.22,126.3,Wetland,-1.826675915,-2.153474177
SamoylovIslan,72.22,126.3,Wetland,-1.794032627,-2.216124103
SamoylovIslan,72.22,126.3,Wetland,-1.80359261,-2.196225898
SamoylovIslan,72.22,126.3,Wetland,-1.812701408,-1.978260047
SamoylovIslan,72.22,126.3,Wetland,-1.82454876,-1.792606893
SamoylovIslan,72.22,126.3,Wetland,-1.831386813,-1.698819896
SamoylovIslan,72.22,126.3,Wetland,-1.841876155,-1.675190997
SamoylovIslan,72.22,126.3,Wetland,-1.857239574,-1.58071403
SamoylovIslan,72.22,126.3,Wetland,-1.808905595,-1.640738578
SamoylovIslan,72.22,126.3,Wetland,-1.78917843,-1.668739042
SamoylovIslan,72.22,126.3,Wetland,-1.770379023,-1.612331215
SamoylovIslan,72.22,126.3,Wetland,-1.737520576,-1.606689517
SamoylovIslan,72.22,126.3,Wetland,-1.724814999,-1.541317351
SamoylovIslan,72.22,126.3,Wetland,-1.691122074,-1.494355973
SamoylovIslan,72.22,126.3,Wetland,-1.72224457,-1.373921608
SamoylovIslan,72.22,126.3,Wetland,-1.773410046,-1.419521068
SamoylovIslan,72.22,126.3,Wetland,-1.795701516,-1.327353033
SamoylovIslan,72.22,126.3,Wetland,-1.778260593,-1.235658382
SamoylovIslan,72.22,126.3,Wetland,-2.179706409,-1.364461979
SamoylovIslan,72.22,126.3,Wetland,-2.042327644,-1.286664667
SamoylovIslan,72.22,126.3,Wetland,-1.55074159,-2.046829243
SamoylovIslan,72.22,126.3,Wetland,-1.530057829,-1.909739208
SamoylovIslan,72.22,126.3,Wetland,-1.458870991,-1.460126197
SamoylovIslan,72.22,126.3,Wetland,-1.526312966,-1.370978807
SamoylovIslan,72.22,126.3,Wetland,-1.698218764,-1.88985635
SamoylovIslan,72.22,126.3,Wetland,-1.669243186,-1.79417596
SamoylovIslan,72.22,126.3,Wetland,-1.629918783,-1.639921133
SamoylovIslan,72.22,126.3,Wetland,-1.615924501,-1.662721761
SamoylovIslan,72.22,126.3,Wetland,-1.611261823,-1.572098537
SamoylovIslan,72.22,126.3,Wetland,-1.344971515,-1.286765955
SamoylovIslan,72.22,126.3,Wetland,-1.269680144,-1.265320815
SamoylovIslan,72.22,126.3,Wetland,-1.264059092,-1.051573863
SamoylovIslan,72.22,126.3,Wetland,-1.611261823,-0.587307906
Schefferville-C,72.22,126.3,Wetland,-0.71076324,-0.093696425
Schefferville-C,54.48,-66.49,Wetland,0.27001255,-1.050647421
Schefferville-C,54.48,-66.49,Wetland,0.051327539,-0.179536585
Schefferville-C,54.48,-66.49,Wetland,-0.137732333,0.406849518
Schefferville-C,54.48,-66.49,Wetland,0.113073823,0.328548638
Schefferville-C,54.48,-66.49,Wetland,0.288985094,0.040253104
Schefferville-C,54.48,-66.49,Wetland,0.337813833,0.080075116
Schefferville-C,54.48,-66.49,Wetland,0.452257729,0.05809969
Schefferville-C,54.48,-66.49,Wetland,0.509633097,-3.21E-05
Schefferville-C,54.48,-66.49,Wetland,0.432569694,0.392391145
Schefferville-C,54.48,-66.49,Wetland,0.350302854,0.443593751
Schefferville-C,54.48,-66.49,Wetland,0.292629484,0.470080091
Schefferville-C,54.48,-66.49,Wetland,0.144427792,0.469674516
Schefferville-C,54.48,-66.49,Wetland,0.4249503,0.88303016
Schefferville-F,54.48,-66.49,Wetland,-1.281316129,-0.990361031
Schefferville-F,54.48,-66.49,Wetland,-1.060225304,-1.57330118
Schefferville-F,54.48,-66.49,Wetland,-0.550442137,-0.682103595
Schefferville-F,54.48,-66.49,Wetland,-0.475484084,-0.021543529
Schefferville-F,54.48,-66.49,Wetland,-0.422948931,-0.496180661
Schefferville-F,54.48,-66.49,Wetland,-0.406247493,-0.377435687
Schefferville-F,54.48,-66.49,Wetland,-0.338165295,-0.474197136
Schefferville-F,54.48,-66.49,Wetland,-0.320587215,-0.784075204
Schefferville-F,54.48,-66.49,Wetland,-0.354244792,-0.903467167
Schefferville-F,54.48,-66.49,Wetland,-0.119125136,-0.534324668
Schefferville-F,54.48,-66.49,Wetland,-0.204242929,-0.11456552
Schefferville-F,54.48,-66.49,Wetland,-0.130259408,0.253304117
Schefferville-F,54.48,-66.49,Wetland,-0.184872778,0.864221429
Sikanevafen,61.5,24.12,Wetland,-2.298084741,-2.990986806
Sikanevafen,61.5,24.12,Wetland,-2.298084741,-3.860532525
Sikanevafen,61.5,24.12,Wetland,-2.289074689,-5.372515101
Sikanevafen,61.5,24.12,Wetland,-2.173835712,-5.372515101
Sikanevafen,61.5,24.12,Wetland,-2.237728354,-3.191290865
Sikanevafen,61.5,24.12,Wetland,-2.173835712,-3.284184612
Sikanevafen,61.5,24.12,Wetland,-2.18295144,-2.990986806
Sikanevafen,61.5,24.12,Wetland,-2.173835712,-2.657347432
Sikanevafen,61.5,24.12,Wetland,-2.198256145,-2.767183406
Sikanevafen,61.5,24.12,Wetland,-2.198256145,-2.490111513
Sikanevafen,61.5,24.12,Wetland,-2.222704769,-2.407610291
Sikanevafen,61.5,24.12,Wetland,-2.21047693,-2.206437462
Sikanevafen,61.5,24.12,Wetland,-2.013946963,-2.575669401
Sikanevafen,61.5,24.12,Wetland,-1.977644737,-2.575669401
Sikanevafen,61.5,24.12,Wetland,-1.959746418,-2.443227927
Sikanevafen,61.5,24.12,Wetland,-1.936058372,-2.530933507
Sikanevafen,61.5,24.12,Wetland,-1.887847763,-2.443227927
Sikanevafen,61.5,24.12,Wetland,-1.863783847,-2.326293428
Sikanevafen,61.5,24.12,Wetland,-1.881295993,-2.575669401
Sikanevafen,61.5,24.12,Wetland,-1.693839671,-2.326293428
Sikanevafen,61.5,24.12,Wetland,-1.711512658,-2.124080474
Sikanevafen,61.5,24.12,Wetland,-1.637446466,-2.078001862
Sikanevafen,61.5,24.12,Wetland,-1.613668236,-1.968939597
Sikanevafen,61.5,24.12,Wetland,-1.56619285,-1.968939597
Sikanevafen,61.5,24.12,Wetland,-1.518825257,-2.021358665
Sikanevafen,61.5,24.12,Wetland,-1.507000159,-1.943146842
Sikanevafen,61.5,24.12,Wetland,-1.542045915,-1.595657476
Sikanevafen,61.5,24.12,Wetland,-1.495630446,-2.378570138
Sikanevafen,61.5,24.12,Wetland,-1.436935928,-2.810316777
Sikanevafen,61.5,24.12,Wetland,-1.454541834,-2.107573909
Sikanevafen,61.5,24.12,Wetland,-1.401768771,-2.107573909
Sikanevafen,61.5,24.12,Wetland,-1.401768771,-1.847205549
Sikanevafen,61.5,24.12,Wetland,-1.366512393,-1.769349165
Sikanevafen,61.5,24.12,Wetland,-1.381232464,-2.150786207
Sikanevafen,61.5,24.12,Wetland,-1.357744787,-2.357330402
Sikanevafen,61.5,24.12,Wetland,-1.346010906,-2.150786207
Sikanevafen,61.5,24.12,Wetland,-1.334283656,-2.032686666
Sikanevafen,61.5,24.12,Wetland,-1.357744787,-1.978486209
Sikanevafen,61.5,24.12,Wetland,-1.334283656,-1.939680634
Sikanevafen,61.5,24.12,Wetland,-1.299586099,-1.821257025
Sikanevafen,61.5,24.12,Wetland,-1.319893435,-1.676518179
Sikanevafen,61.5,24.12,Wetland,-1.343338291,-1.676518179
Sikanevafen,61.5,24.12,Wetland,-1.319893435,-1.46622277
Sikanevafen,61.5,24.12,Wetland,-1.32864506,-1.565852611
Sikanevafen,61.5,24.12,Wetland,-1.305216798,-1.49834232
Sikanevafen,61.5,24.12,Wetland,-1.293512587,-1.628065796
Sikanevafen,61.5,24.12,Wetland,-1.258439565,-1.46622277
Sikanevafen,61.5,24.12,Wetland,-1.105378479,-1.665059261
Sikanevafen,61.5,24.12,Wetland,-1.088213375,-1.456927029
Sikanevafen,61.5,24.12,Wetland,-1.099801922,-1.312688044
Sikanevafen,61.5,24.12,Wetland,-1.056854293,-1.374969922
Sikanevafen,61.5,24.12,Wetland,-1.010635454,-1.513290281
Sikanevafen,61.5,24.12,Wetland,-0.950530901,-1.418527897
Sikanevafen,61.5,24.12,Wetland,-1.059050806,-1.272827694
Sikanevafen,61.5,24.12,Wetland,-1.093493424,-1.247110322
Sikanevafen,61.5,24.12,Wetland,-1.093493424,-1.150384787
Sikanevafen,61.5,24.12,Wetland,-1.070329923,-1.105318278
Sikanevafen,61.5,24.12,Wetland,-1.058757924,-1.150384787
Sikanevafen,61.5,24.12,Wetland,-1.035633404,-1.122490417
Sikanevafen,61.5,24.12,Wetland,-1.044119137,-1.079612463
Sikanevafen,61.5,24.12,Wetland,-1.021449555,-1.174776241
Sikanevafen,61.5,24.12,Wetland,-0.998366868,-1.174776241
Sikanevafen,61.5,24.12,Wetland,-0.879420587,-1.411021891
Sikanevafen,61.5,24.12,Wetland,-0.845044516,-1.360000557
Sikanevafen,61.5,24.12,Wetland,-0.89089209,-1.318868533
Sikanevafen,61.5,24.12,Wetland,-0.856496805,-1.291955594
Sikanevafen,61.5,24.12,Wetland,-0.856496805,-1.191556066
Sikanevafen,61.5,24.12,Wetland,-0.887987306,-1.240209777
Sikanevafen,61.5,24.12,Wetland,-0.944996116,-1.09485741
Sikanevafen,61.5,24.12,Wetland,-0.927818648,-0.954535449
Sikanevafen,61.5,24.12,Wetland,-0.893797285,-0.987813476
Sikanevafen,61.5,24.12,Wetland,-0.870857443,-1.007598294
Sikanevafen,61.5,24.12,Wetland,-0.836495711,-1.007598294
Sikanevafen,61.5,24.12,Wetland,-0.836495711,-0.968412515
Sikanevafen,61.5,24.12,Wetland,-0.89336148,-0.877877513
Sikanevafen,61.5,24.12,Wetland,-0.850552414,-0.877877513
Sikanevafen,61.5,24.12,Wetland,-0.839103443,-0.895178287
Sikanevafen,61.5,24.12,Wetland,-0.810725988,-1.013062788
Sikanevafen,61.5,24.12,Wetland,-0.799299241,-1.074743904
Sikanevafen,61.5,24.12,Wetland,-0.7232355,-1.123509785
Sikanevafen,61.5,24.12,Wetland,-0.774298362,-1.0226981
Sikanevafen,61.5,24.12,Wetland,-0.762891924,-0.954535449
Sikanevafen,61.5,24.12,Wetland,-0.762891924,-0.881473921
Sikanevafen,61.5,24.12,Wetland,-0.774298362,-0.899244986
Sikanevafen,61.5,24.12,Wetland,-0.782821243,-0.94467893
Sikanevafen,61.5,24.12,Wetland,-0.748606751,-0.926089464
Sikanevafen,61.5,24.12,Wetland,-0.686244187,-0.926089464
Sikanevafen,61.5,24.12,Wetland,-0.601718425,-0.822027405
Sikanevafen,61.5,24.12,Wetland,-0.751203313,-0.793762228
Sikanevafen,61.5,24.12,Wetland,-0.731304756,-0.746492419
Sikanevafen,61.5,24.12,Wetland,-0.793805102,-0.701690945
Sikanevafen,61.5,24.12,Wetland,-0.759572256,-0.65849051
Sikanevafen,61.5,24.12,Wetland,-0.736782138,-0.647975836
Sikanevafen,61.5,24.12,Wetland,-0.736782138,-0.57790589
Sikanevafen,61.5,24.12,Wetland,-0.765057214,-0.558879998
Sikanevafen,61.5,24.12,Wetland,-0.737214625,-0.431893608
Sikanevafen,61.5,24.12,Wetland,-0.661381095,-0.396520548
Sikanevafen,61.5,24.12,Wetland,-0.678192704,-0.313770146
Sikanevafen,61.5,24.12,Wetland,-0.579532918,-0.412671974
Sikanevafen,61.5,24.12,Wetland,-0.641282822,-0.601225333
Sikanevafen,61.5,24.12,Wetland,-0.55994389,-0.628515084
Sikanevafen,61.5,24.12,Wetland,-0.526100748,-0.64892716
Sikanevafen,61.5,24.12,Wetland,-0.570808469,-0.569665703
Sikanevafen,61.5,24.12,Wetland,-0.559515144,-0.531708299
Sikanevafen,61.5,24.12,Wetland,-0.475654874,-0.418954191
Sikanevafen,61.5,24.12,Wetland,-0.464414249,-0.499774446
Sikanevafen,61.5,24.12,Wetland,-0.45900958,-0.567323781
Sikanevafen,61.5,24.12,Wetland,-0.470247215,-0.664594947
Sikanevafen,61.5,24.12,Wetland,-0.428173614,-0.650514714
Sikanevafen,61.5,24.12,Wetland,-0.428173614,-0.678876267
Sikanevafen,61.5,24.12,Wetland,-0.397384432,-0.704034827
Sikanevafen,61.5,24.12,Wetland,-0.397384432,-0.849950428
Sikanevafen,61.5,24.12,Wetland,-0.319556178,-0.837614111
Sikanevafen,61.5,24.12,Wetland,-0.256100351,-0.837614111
Sikanevafen,61.5,24.12,Wetland,-0.1767092,-0.742303931
Sikanevafen,61.5,24.12,Wetland,-0.096791232,-0.813388854
Sikanevafen,61.5,24.12,Wetland,-0.085759212,-0.719916221
Sikanevafen,61.5,24.12,Wetland,-0.052699404,-0.731219647
Sikanevafen,61.5,24.12,Wetland,-0.074314649,-0.658810869
Sikanevafen,61.5,24.12,Wetland,-0.077244954,-0.600922898
Sikanevafen,61.5,24.12,Wetland,-0.336511401,-0.665884853
Sikanevafen,61.5,24.12,Wetland,-0.283714416,-0.665884853
Sikanevafen,61.5,24.12,Wetland,-0.264267931,-0.581458292
Sikanevafen,61.5,24.12,Wetland,-0.217419639,-0.503607967
Sikanevafen,61.5,24.12,Wetland,-0.261873643,-0.479752132
Sikanevafen,61.5,24.12,Wetland,-0.160167751,-0.527203787
Sikanevafen,61.5,24.12,Wetland,-0.182319551,-0.490796016
Sikanevafen,61.5,24.12,Wetland,-0.17124061,-0.467240323
Sikanevafen,61.5,24.12,Wetland,-0.188071782,-0.438812277
Sikanevafen,61.5,24.12,Wetland,-0.210254263,-0.408422499
Sikanevafen,61.5,24.12,Wetland,-0.210254263,-0.376027028
Sikanevafen,61.5,24.12,Wetland,-0.169277888,-0.335330615
Sikanevafen,61.5,24.12,Wetland,-0.111463409,-0.436244222
Sikanevafen,61.5,24.12,Wetland,-0.536233507,-0.289116276
Sikanevafen,61.5,24.12,Wetland,-0.536233507,-0.219223507
Sikanevafen,61.5,24.12,Wetland,-0.617047685,-0.093125744
Sikanevafen,61.5,24.12,Wetland,-0.537518301,0.02903552
SK,58.566104,11.926689,Aquatic,-0.791058585,-0.518640445
SK,58.566104,11.926689,Aquatic,-0.575384763,-0.079143541
SK,58.566104,11.926689,Aquatic,-0.333684544,-0.311163263
SK,58.566104,11.926689,Aquatic,-0.09483575,-0.464063931
SK,58.566104,11.926689,Aquatic,0.155010747,0.195687591
SK,58.566104,11.926689,Aquatic,0.196350603,0.674071919
SK,58.566104,11.926689,Aquatic,0.401774834,-0.41399776
SK,58.566104,11.926689,Aquatic,0.42900527,-0.017315277
SK,58.566104,11.926689,Aquatic,0.564599828,0.407928332
SK,58.566104,11.926689,Aquatic,0.766265081,0.467625341
SK,58.566104,11.926689,Aquatic,1.202777577,0.906252205
SK,58.566104,11.926689,Aquatic,1.3720924,1.897961631
ST,58.62085,11.882744,Aquatic,-1.009028437,-1.628143829
ST,58.62085,11.882744,Aquatic,-0.249061983,-0.165586039
ST,58.62085,11.882744,Aquatic,-0.178812899,-0.93442834
ST,58.62085,11.882744,Aquatic,-0.178812899,-0.633571055
ST,58.62085,11.882744,Aquatic,-0.039044971,-0.605134395
ST,58.62085,11.882744,Aquatic,0.113585272,-0.636712328
ST,58.62085,11.882744,Aquatic,0.3198591,1.550664494
ST,58.62085,11.882744,Aquatic,0.347201826,2.237647278
ST,58.62085,11.882744,Aquatic,0.42900527,-0.068758909
ST,58.62085,11.882744,Aquatic,0.564599828,0.079525527
ST,58.62085,11.882744,Aquatic,0.766265081,2.002323337
SuphanBuri,15.1,98.4,RicePaddy,1.993999346,-0.826389104
SuphanBuri,15.1,98.4,RicePaddy,2.033632232,1.676433691
SuphanBuri,15.1,98.4,RicePaddy,2.307539292,2.194788284
SuphanBuri,15.1,98.4,RicePaddy,2.060800848,1.200203121
SuphanBuri,15.1,98.4,RicePaddy,2.380139178,1.967493551
SuphanBuri,15.1,98.4,RicePaddy,1.757765878,2.286067444
SuphanBuri,15.1,98.4,RicePaddy,1.328212294,2.376647657
SV,59.12157,12.254477,Aquatic,-1.023642295,-0.630656082
SV,59.12157,12.254477,Aquatic,-0.747741304,-0.566364675
SV,59.12157,12.254477,Aquatic,-0.475512549,-0.380248715
SV,59.12157,12.254477,Aquatic,-0.263141172,-0.651448211
SV,59.12157,12.254477,Aquatic,-0.080873541,0.758673584
SV,59.12157,12.254477,Aquatic,0.113585272,0.386109119
SV,59.12157,12.254477,Aquatic,0.210111574,0.710228659
SV,59.12157,12.254477,Aquatic,0.415394716,0.098392884
SV,59.12157,12.254477,Aquatic,0.524018744,0.397160278
SV,59.12157,12.254477,Aquatic,0.645513203,-0.025451773
SV,59.12157,12.254477,Aquatic,1.281106197,0.159793391
Sweedish_IBP_Tundra,68.21,19.25,Wetland,-1.813308802,-0.913630415
Sweedish_IBP_Tundra,68.21,19.05,Wetland,-0.994424946,-0.598474087
Sweedish_IBP_Tundra,68.21,19.05,Wetland,-1.126230542,-1.684965015
Sweedish_IBP_Tundra,68.21,19.05,Wetland,-0.376128879,0.333946027
Sweedish_IBP_Tundra,68.21,19.05,Wetland,-0.136780571,-0.451316443
Sweedish_IBP_Tundra,68.21,19.05,Wetland,-0.877968955,-0.602547412
TexasPaddy1994,29.57,-94.3,RicePaddy,1.03936642,-1.264156843
TexasPaddy1994,29.57,-94.3,RicePaddy,1.126234009,-1.564990205
TexasPaddy1994,29.57,-94.3,RicePaddy,1.11073147,-0.78716201
TexasPaddy1994,29.57,-94.3,RicePaddy,1.098373175,-0.94859893
TexasPaddy1994,29.57,-94.3,RicePaddy,1.027490873,1.10505839
TexasPaddy1994,29.57,-94.3,RicePaddy,1.190477487,1.264956177
TexasPaddy1994,29.57,-94.3,RicePaddy,1.10166072,1.912712039
TexasPaddy1994,29.57,-94.3,RicePaddy,1.080084332,1.891637775
TexasPaddy1994,29.57,-94.3,RicePaddy,1.195974232,2.043001184
TexasPaddy1994,29.57,-94.3,RicePaddy,1.186943046,2.146649468
TexasPaddy1994,29.57,-94.3,RicePaddy,1.279412415,2.319265185
TexasPaddy1994,29.57,-94.3,RicePaddy,1.057034441,2.462902909
TexasPaddy1994,29.57,-94.3,RicePaddy,1.228660891,2.678669411
TexasPaddy1994,29.57,-94.3,RicePaddy,1.274851501,2.509099313
TexasPaddy1994,29.57,-94.3,RicePaddy,1.155759847,2.547958523
TexasPaddy1994,29.57,-94.3,RicePaddy,1.039630239,2.321918281
TexasPaddy1994,29.57,-94.3,RicePaddy,0.941243334,1.89645229
TexasPaddy1995,29.57,-94.3,RicePaddy,1.361975027,-1.279651122
TexasPaddy1995,29.57,-94.3,RicePaddy,1.437726922,-0.861582459
TexasPaddy1995,29.57,-94.3,RicePaddy,1.66334576,0.427013844
TexasPaddy1995,29.57,-94.3,RicePaddy,1.492446218,0.700714613
TexasPaddy1995,29.57,-94.3,RicePaddy,1.098504688,1.712030152
TexasPaddy1995,29.57,-94.3,RicePaddy,1.425316137,1.350705309
TexasPaddy1995,29.57,-94.3,RicePaddy,1.835146744,1.510798835
TexasPaddy1995,29.57,-94.3,RicePaddy,2.186124557,2.22493992
TexasPaddy1995,29.57,-94.3,RicePaddy,1.766407414,2.187625657
TexasPaddy1995,29.57,-94.3,RicePaddy,1.452325262,2.154781881
TexasPaddy1995,29.57,-94.3,RicePaddy,1.355486754,2.319971436
TexasPaddy1995,29.57,-94.3,RicePaddy,1.273548186,2.329115332
TexasPaddy1995,29.57,-94.3,RicePaddy,1.334319908,2.422916181
Tibetanplateau-Carrex-site,33.56,102.52,Wetland,-0.056086581,-0.347195496
Tibetanplateau-Carrex-site,33.56,102.52,Wetland,0.521513521,0.858868245
Tibetanplateau-Carrex-site,33.56,102.52,Wetland,0.33953598,0.46191173
Tibetanplateau-Carrex-site,33.56,102.52,Wetland,0.981901068,0.846491821
Tibetanplateau-Carrex-site,33.56,102.52,Wetland,-0.029464541,1.306726074
Tibetanplateau-Carrex-site,33.56,102.52,Wetland,-2.455338194,-2.459389172
Tibetanplateau-Carrex-site,33.56,102.52,Wetland,-2.01135472,-2.86252034
Tibetanplateau-Carrex-site,33.56,102.52,Wetland,-1.662774437,-2.773375537
Tibetanplateau-Carrex-site,33.56,102.52,Wetland,-0.514076431,-0.647073902
Tibetanplateau-DryHummock-site,33.56,102.52,Wetland,-0.650769611,-0.663389267
Tibetanplateau-DryHummock-site,33.56,102.52,Wetland,0.12951661,-0.1447341
Tibetanplateau-DryHummock-site,33.56,102.52,Wetland,0.391703741,0.58757288
Tibetanplateau-DryHummock-site,33.56,102.52,Wetland,0.650478582,0.544506318
Tibetanplateau-DryHummock-site,33.56,102.52,Wetland,-0.760784594,0.139119766
Tibetanplateau-DryHummock-site,33.56,102.52,Wetland,-1.038452328,-1.358638303
Tibetanplateau-DryHummock-site,33.56,102.52,Wetland,-1.462084106,-1.264473279
Tibetanplateau-DryHummock-site,33.56,102.52,Wetland,-1.178701942,-1.224182665
Tibetanplateau-Eleocharisvalleculosa-site,33.56,102.52,Wetland,-0.109436614,-0.136800432
Tibetanplateau-Eleocharisvalleculosa-site,33.56,102.52,Wetland,0.234802498,1.086631935
Tibetanplateau-Eleocharisvalleculosa-site,33.56,102.52,Wetland,0.727463618,0.751068806
Tibetanplateau-Eleocharisvalleculosa-site,33.56,102.52,Wetland,0.905920598,1.018825933
Tibetanplateau-Eleocharisvalleculosa-site,33.56,102.52,Wetland,-0.082743915,0.822733302
Tibetanplateau-Eleocharisvalleculosa-site,33.56,102.52,Wetland,-2.635560781,-1.904652035
Tibetanplateau-Eleocharisvalleculosa-site,33.56,102.52,Wetland,-1.836340474,-2.305455212
Tibetanplateau-Eleocharisvalleculosa-site,33.56,102.52,Wetland,-1.433570122,-2.216507332
Tibetanplateau-Eleocharisvalleculosa-site,33.56,102.52,Wetland,0.33953598,-0.729596949
TuZu-1988,23.689019,102.418671,RicePaddy,0.364886231,0.273456371
TuZu-1988,23.689019,102.418671,RicePaddy,0.632656628,0.734363603
TuZu-1988,23.689019,102.418671,RicePaddy,0.768792958,0.641988477
TuZu-1988,23.689019,102.418671,RicePaddy,0.901324765,1.139718157
TuZu-1988,23.689019,102.418671,RicePaddy,1.036582911,0.884876809
TuZu-1988,23.689019,102.418671,RicePaddy,1.164255006,0.977992263
TuZu-1988,23.689019,102.418671,RicePaddy,1.296382646,0.983216141
TuZu-1988,23.689019,102.418671,RicePaddy,1.421927645,1.145620717
TuZu-1988,23.689019,102.418671,RicePaddy,1.556145911,1.308982884
TuZu-1988,23.689019,102.418671,RicePaddy,1.680582381,1.35187097
TuZu-1988,23.689019,102.418671,RicePaddy,1.80902439,1.386849349
TuZu-1989,23.689019,102.418671,RicePaddy,0.365923592,0.09698367
TuZu-1989,23.689019,102.418671,RicePaddy,0.502504135,0.6164636
TuZu-1989,23.689019,102.418671,RicePaddy,0.77094608,0.070979969
TuZu-1989,23.689019,102.418671,RicePaddy,0.628710472,0.75745846
TuZu-1989,23.689019,102.418671,RicePaddy,0.907952516,1.151894992
TuZu-1989,23.689019,102.418671,RicePaddy,1.042083587,1.096061852
TuZu-1989,23.689019,102.418671,RicePaddy,1.174803252,1.158763304
TuZu-1989,23.689019,102.418671,RicePaddy,1.292346559,1.137298307
TuZu-1989,23.689019,102.418671,RicePaddy,1.426092044,1.598966814
TuZu-1989,23.689019,102.418671,RicePaddy,1.556569785,1.585248801
TuZu-1989,23.689019,102.418671,RicePaddy,1.682930474,1.284320955
TuZu-1989,23.689019,102.418671,RicePaddy,1.817376773,1.034596242
TuZu-1989,23.689019,102.418671,RicePaddy,1.937531006,1.628429049
Vercelli-unfertilized,45.339236,8.437328,RicePaddy,0.42873315,-0.109821492
Vercelli-unfertilized,45.339236,8.437328,RicePaddy,0.557436548,-0.109821492
Vercelli-unfertilized,45.339236,8.437328,RicePaddy,0.557436548,-0.109821492
Vercelli-unfertilized,45.339236,8.437328,RicePaddy,0.234170483,-0.109821492
Vercelli-unfertilized,45.339236,8.437328,RicePaddy,0.163561328,-0.109821492
Vercelli-unfertilized,45.339236,8.437328,RicePaddy,0.382964059,-0.109821492
Vercelli-unfertilized,45.339236,8.437328,RicePaddy,0.623833929,0.627777451
Vercelli-unfertilized,45.339236,8.437328,RicePaddy,0.467880046,0.627777451
Vercelli-unfertilized,45.339236,8.437328,RicePaddy,0.208185609,0.954105239
Vercelli-unfertilized,45.339236,8.437328,RicePaddy,0.874711549,2.239386917
Vercelli-unfertilized,45.339236,8.437328,RicePaddy,1.431522524,2.289106306
Vercelli-unfertilized,45.339236,8.437328,RicePaddy,1.505715537,2.211897556
Vercelli-unfertilized,45.339236,8.437328,RicePaddy,1.479425706,2.639050704
Vercelli-unfertilized,45.339236,8.437328,RicePaddy,1.347438282,3.125285528
Vercelli-unfertilized,45.339236,8.437328,RicePaddy,1.668454517,3.093017334
Vercelli-unfertilized,45.339236,8.437328,RicePaddy,1.829195702,3.274953905
Vercelli-unfertilized,45.339236,8.437328,RicePaddy,2.120261104,3.444877008
Vercelli-unfertilized,45.339236,8.437328,RicePaddy,1.94912497,3.595121433
Vercelli-unfertilized,45.339236,8.437328,RicePaddy,2.434559925,3.36263891
Vercelli-unfertilized,45.339236,8.437328,RicePaddy,2.442654339,3.872193885
Vercelli-unfertilized,45.339236,8.437328,RicePaddy,2.437749048,3.546135555
Vercelli-unfertilized,45.339236,8.437328,RicePaddy,2.037265304,3.810350042
Vercelli-unfertilized,45.339236,8.437328,RicePaddy,2.050038196,3.58923329
Vercelli-unfertilized,45.339236,8.437328,RicePaddy,1.679561382,3.715107489
Vercelli-unfertilized,45.339236,8.437328,RicePaddy,1.60552242,3.583027347
Vercelli-unfertilized,45.339236,8.437328,RicePaddy,1.928349034,3.739600508
Vercelli-unfertilized,45.339236,8.437328,RicePaddy,1.945600947,3.817537854
Vercelli-unfertilized,45.339236,8.437328,RicePaddy,1.603472393,3.833303696
Vercelli-unfertilized,45.339236,8.437328,RicePaddy,1.846031102,3.727428985
Vercelli-unfertilized,45.339236,8.437328,RicePaddy,1.742888244,3.569925479
Vercelli-unfertilized,45.339236,8.437328,RicePaddy,1.616537584,3.563598164
Vercelli-unfertilized,45.339236,8.437328,RicePaddy,2.034008099,3.577920953
Vercelli-unfertilized,45.339236,8.437328,RicePaddy,2.396494173,3.637005206
Vercelli-unfertilized,45.339236,8.437328,RicePaddy,2.198797906,3.884828292
Vercelli-unfertilized,45.339236,8.437328,RicePaddy,2.067680752,3.884828292
Vercelli-unfertilized,45.339236,8.437328,RicePaddy,2.174188967,3.733533265
Vercelli-unfertilized,45.339236,8.437328,RicePaddy,2.397108746,3.83813887
Vercelli-unfertilized,45.339236,8.437328,RicePaddy,2.426462035,3.889212891
Vercelli-unfertilized,45.339236,8.437328,RicePaddy,2.203765538,3.928433604
Vercelli-unfertilized,45.339236,8.437328,RicePaddy,2.459445298,4.002169483
Vercelli-unfertilized,45.339236,8.437328,RicePaddy,2.517790781,4.002169483
Vercelli-unfertilized,45.339236,8.437328,RicePaddy,2.517790781,4.037453282
Vercelli-unfertilized,45.339236,8.437328,RicePaddy,2.37214098,4.177675908
Vercelli-unfertilized,45.339236,8.437328,RicePaddy,2.34270308,4.116182447
Vercelli-unfertilized,45.339236,8.437328,RicePaddy,2.456259842,4.173137914
Vercelli-unfertilized,45.339236,8.437328,RicePaddy,2.614268447,4.267934674
Vercelli-unfertilized,45.339236,8.437328,RicePaddy,2.626657663,4.371767632
Vercelli-unfertilized,45.339236,8.437328,RicePaddy,2.630299995,4.291617765
Vercelli-unfertilized,45.339236,8.437328,RicePaddy,2.426462035,4.425706261
Vercelli-unfertilized,45.339236,8.437328,RicePaddy,2.338388239,4.694292693
Vercelli-unfertilized,45.339236,8.437328,RicePaddy,2.460057824,4.685311437
Vercelli-unfertilized,45.339236,8.437328,RicePaddy,2.560487188,4.703194004
Vercelli-unfertilized,45.339236,8.437328,RicePaddy,2.647530775,4.631943571
Vercelli-unfertilized,45.339236,8.437328,RicePaddy,2.55183375,4.803084031
Vercelli-unfertilized,45.339236,8.437328,RicePaddy,2.174188967,4.534460136
Vercelli-unfertilized,45.339236,8.437328,RicePaddy,2.160876911,4.580170175
Vercelli-unfertilized,45.339236,8.437328,RicePaddy,2.203144655,4.296620555
Vercelli-unfertilized,45.339236,8.437328,RicePaddy,2.050038196,4.238695364
Vercelli-unfertilized,45.339236,8.437328,RicePaddy,2.266246481,4.273198967
Vercelli-unfertilized,45.339236,8.437328,RicePaddy,2.266246481,4.486560188
Vercelli-unfertilized,45.339236,8.437328,RicePaddy,2.283194845,4.542514163
Vercelli-unfertilized,45.339236,8.437328,RicePaddy,2.283194845,4.744425773
Vercelli-unfertilized,45.339236,8.437328,RicePaddy,2.283194845,4.563538213
Vercelli-unfertilized,45.339236,8.437328,RicePaddy,2.283194845,4.59117527
Vercelli-unfertilized,45.339236,8.437328,RicePaddy,2.236643287,4.674160311
Vercelli-unfertilized,45.339236,8.437328,RicePaddy,2.236643287,4.705775364
Vercelli-unfertilized,45.339236,8.437328,RicePaddy,1.530426282,3.8533698
Vercelli-unfertilized,45.339236,8.437328,RicePaddy,1.322882807,3.157411503
Vercelli-unfertilized,45.339236,8.437328,RicePaddy,1.516659089,3.157411503
Vercelli-unfertilized,45.339236,8.437328,RicePaddy,1.616537584,2.620701565
Vercelli-unfertilized,45.339236,8.437328,RicePaddy,1.704050416,2.620701565
Vercelli-unfertilized,45.339236,8.437328,RicePaddy,1.638549039,2.672661304
WesternPeatland,54.95,-112.47,Wetland,-1.994639262,-1.019336553
WesternPeatland,54.95,-112.47,Wetland,-1.95057369,-1.064186286
WesternPeatland,54.95,-112.47,Wetland,-1.869112086,-0.882623995
WesternPeatland,54.95,-112.47,Wetland,-1.63774763,-1.13748817
WesternPeatland,54.95,-112.47,Wetland,-1.604194586,-1.05183463
WesternPeatland,54.95,-112.47,Wetland,-1.555090787,-1.36676298
WesternPeatland,54.95,-112.47,Wetland,-1.431865804,-1.141580038
WesternPeatland,54.95,-112.47,Wetland,-1.270863718,-1.110545936
WesternPeatland,54.95,-112.47,Wetland,-1.276634608,-1.019336553
WesternPeatland,54.95,-112.47,Wetland,-1.29395693,-0.875449854
WesternPeatland,54.95,-112.47,Wetland,-1.262728014,-0.861680206
WesternPeatland,54.95,-112.47,Wetland,-1.243363109,-0.875449854
WesternPeatland,54.95,-112.47,Wetland,-1.196872678,-0.875449854
WesternPeatland,54.95,-112.47,Wetland,-1.181251749,-0.943419235
WesternPeatland,54.95,-112.47,Wetland,-1.173445709,-1.094331096
WesternPeatland,54.95,-112.47,Wetland,-1.210440038,-1.20298337
WesternPeatland,54.95,-112.47,Wetland,-1.131373373,-0.932964138
WesternPeatland,54.95,-112.47,Wetland,-1.092613322,-1.02876951
WesternPeatland,54.95,-112.47,Wetland,-1.065641748,-0.929185456
WesternPeatland,54.95,-112.47,Wetland,-1.175507395,-0.783752563
WesternPeatland,54.95,-112.47,Wetland,-1.183314214,-0.701938927
WesternPeatland,54.95,-112.47,Wetland,-1.206309899,-0.642892776
WesternPeatland,54.95,-112.47,Wetland,-1.132842988,-0.722051337
WesternPeatland,54.95,-112.47,Wetland,-1.140633698,-0.746090546
WesternPeatland,54.95,-112.47,Wetland,-1.096133956,-0.770757276
WesternPeatland,54.95,-112.47,Wetland,-1.088360025,-0.698543562
WesternPeatland,54.95,-112.47,Wetland,-1.078683376,-0.559012008
WesternPeatland,54.95,-112.47,Wetland,-1.003916036,-1.076116185
WesternPeatland,54.95,-112.47,Wetland,-0.996176818,-1.010576054
WesternPeatland,54.95,-112.47,Wetland,-0.982749612,-0.83469699
WesternPeatland,54.95,-112.47,Wetland,-1.026566312,-0.761532183
WesternPeatland,54.95,-112.47,Wetland,-0.990191872,-0.722860262
WesternPeatland,54.95,-112.47,Wetland,-0.967289994,-0.656809751
WesternPeatland,54.95,-112.47,Wetland,-0.955921467,-0.564263774
WesternPeatland,54.95,-112.47,Wetland,-0.919380747,-0.58743398
WesternPeatland,54.95,-112.47,Wetland,-0.944267966,-0.648949806
WesternPeatland,54.95,-112.47,Wetland,-0.936551159,-0.723231238
WesternPeatland,54.95,-112.47,Wetland,-0.936551159,-0.778070831
WesternPeatland,54.95,-112.47,Wetland,-0.898155849,-0.816536413
WesternPeatland,54.95,-112.47,Wetland,-0.949656889,-1.113581444
WesternPeatland,54.95,-112.47,Wetland,-0.905567533,-1.153438292
WesternPeatland,54.95,-112.47,Wetland,-0.9284007,-0.97112538
WesternPeatland,54.95,-112.47,Wetland,-0.912981893,-0.97112538
WesternPeatland,54.95,-112.47,Wetland,-0.905276828,-1.050430004
WesternPeatland,54.95,-112.47,Wetland,-0.884211701,-1.050430004
WesternPeatland,54.95,-112.47,Wetland,-0.847943225,-1.050430004
WesternPeatland,54.95,-112.47,Wetland,-0.817237745,-1.01797681
WesternPeatland,54.95,-112.47,Wetland,-0.756830329,-1.289098395
WesternPeatland,54.95,-112.47,Wetland,-0.614324825,-1.105095251
WesternPeatland,54.95,-112.47,Wetland,-0.505422753,-1.01797681
WesternPeatland,54.95,-112.47,Wetland,-0.8434504,-0.742714144
WesternPeatland,54.95,-112.47,Wetland,-0.762170211,-0.659116557
WesternPeatland,54.95,-112.47,Wetland,-0.766067761,-0.710394866
WesternPeatland,54.95,-112.47,Wetland,-0.832295063,-0.602446872
WesternPeatland,54.95,-112.47,Wetland,-0.82462024,-0.538837352
WesternPeatland,54.95,-112.47,Wetland,-0.741251615,-0.57394971
WesternPeatland,54.95,-112.47,Wetland,-0.76982166,-0.605170894
WesternPeatland,54.95,-112.47,Wetland,-0.746875893,-0.468048941
WesternPeatland,54.95,-112.47,Wetland,-0.677330233,-0.482155923
WesternPeatland,54.95,-112.47,Wetland,-0.626365484,-0.54692065
WesternPeatland,54.95,-112.47,Wetland,-0.633966225,-0.624113606
WesternPeatland,54.95,-112.47,Wetland,-0.656785458,-0.645885484
WesternPeatland,54.95,-112.47,Wetland,-0.688545194,-0.637800863
WesternPeatland,54.95,-112.47,Wetland,-0.664397544,-0.761321915
WesternPeatland,54.95,-112.47,Wetland,-0.601718425,-0.470744396
WesternPeatland,54.95,-112.47,Wetland,-0.569807541,-0.412565972
WesternPeatland,54.95,-112.47,Wetland,-0.62392811,-0.403876366
WesternPeatland,54.95,-112.47,Wetland,-0.639130609,-0.365834704
WesternPeatland,54.95,-112.47,Wetland,-0.665546784,-0.37203576
WesternPeatland,54.95,-112.47,Wetland,-0.55780025,-0.556610566
WesternPeatland,54.95,-112.47,Wetland,-0.456876555,-0.541758948
WesternPeatland,54.95,-112.47,Wetland,-0.395116111,-0.531876864
WesternPeatland,54.95,-112.47,Wetland,-0.337642254,-0.544322366
WesternPeatland,54.95,-112.47,Wetland,-0.357725414,-0.360539888
WesternPeatland,54.95,-112.47,Wetland,-0.396817328,-0.332148676
WesternPeatland,54.95,-112.47,Wetland,-0.469393505,-0.330325272
WesternPeatland,54.95,-112.47,Wetland,-0.516258252,-0.28522225
WesternPeatland,54.95,-112.47,Wetland,-1.07413985,-0.373889329
WesternPeatland,54.95,-112.47,Wetland,-0.993549067,-0.410022667
WesternPeatland,54.95,-112.47,Wetland,-0.629089952,-0.144760207
WesternPeatland,54.95,-112.47,Wetland,-0.450336672,-0.078990602
WesternPeatland,54.95,-112.47,Wetland,-0.387037279,-0.149728266
WesternPeatland,54.95,-112.47,Wetland,-0.322239809,-0.107154395
WesternPeatland,54.95,-112.47,Wetland,-0.25595956,-0.060425734
WesternPeatland,54.95,-112.47,Wetland,-0.281599761,-0.309480151
WesternPeatland,54.95,-112.47,Wetland,-0.276102694,-0.233988818
WesternPeatland,54.95,-112.47,Wetland,-0.216857557,-0.219514409
WesternPeatland,54.95,-112.47,Wetland,-0.200423572,-0.248696804
WesternPeatland,54.95,-112.47,Wetland,-0.172642671,-0.207056659
WesternPeatland,54.95,-112.47,Wetland,-0.06106384,-0.213944949
WesternPeatland,54.95,-112.47,Wetland,-0.017189331,-0.199735762
WesternPeatland,54.95,-112.47,Wetland,-0.151902114,-0.069542268
WesternPeatland,54.95,-112.47,Wetland,-0.221354653,0.088635522
WesternPeatland,54.95,-112.47,Wetland,-0.088970442,0.104357667
WesternPeatland,54.95,-112.47,Wetland,-0.076128597,0.063258569
WesternPeatland,54.95,-112.47,Wetland,0.005893347,0.138476424
WesternPeatland,54.95,-112.47,Wetland,-0.094137409,0.17021399
WesternPeatland,54.95,-112.47,Wetland,-0.121810226,0.165329148
WesternPeatland,54.95,-112.47,Wetland,-0.15092167,0.17021399
WesternPeatland,54.95,-112.47,Wetland,-0.105593255,0.197623037
WesternPeatland,54.95,-112.47,Wetland,-0.04224875,0.227734319
WesternPeatland,54.95,-112.47,Wetland,-0.380803189,0.182902166
WesternPeatland,54.95,-112.47,Wetland,-0.258353147,0.256408277
WesternPeatland,54.95,-112.47,Wetland,-0.296830213,0.415439075